152.30, 85.51, 111.03, 121.90

157.30, 84.16, 108.59, 119.00

162.51, 83.30, 108.97, 118.79

167.74, 83.00, 109.15, 116.40

172.91, 83.24, 108.74, 112.18

178.09, 84.03, 112.10, 110.42

183.15, 85.37, 113.33, 105.70

188.00, 87.17, 116.11, 102.20

192.64, 89.49, 122.37, 100.43

196.96, 92.24, 120.82, 98.66

201.03, 95.50, 132.64, 94.91

204.81, 99.16, 133.31, 90.61

208.14, 103.19, 141.90, 89.44

211.06, 107.59, 146.86, 87.35

213.53, 112.33, 152.29, 85.12

215.44, 117.20, 158.01, 83.61

216.84, 122.30, 164.24, 84.19

217.70, 127.51, 168.60, 84.49

218.00, 132.69, 177.56, 87.19

217.75, 138.02, 184.93, 90.29

216.93, 143.29, 188.10, 94.08

215.57, 148.40, 190.40, 103.64

213.66, 153.39, 205.75, 102.67

211.22, 158.14, 203.97, 104.49

208.27, 162.64, 213.82, 110.18

204.87, 166.77, 217.97, 113.21

201.06, 170.51, 223.85, 118.35

196.84, 173.85, 228.53, 126.95

192.32, 176.69, 236.42, 131.77

187.57, 179.01, 235.15, 130.97

182.60, 180.82, 244.47, 143.38

177.52, 182.08, 245.84, 149.73

172.29, 182.82, 246.55, 155.62

167.01, 182.99, 245.17, 162.66

161.68, 182.60, 243.97, 167.99

156.33, 181.62, 240.98, 173.11

151.16, 180.08, 233.48, 174.62

146.19, 177.97, 233.83, 183.49

141.47, 175.36, 230.27, 184.73

137.15, 172.35, 227.06, 188.40

133.17, 168.87, 222.16, 190.58

129.68, 165.11, 216.10, 191.17

126.50, 160.89, 209.97, 188.94

123.76, 156.30, 203.89, 191.92

121.55, 151.50, 195.69, 190.38

119.86, 146.50, 192.94, 192.31

118.69, 141.29, 179.03, 185.23

118.09, 135.98, 170.84, 181.84

118.06, 130.59, 159.76, 179.46

118.60, 125.28, 151.97, 176.13

119.72, 120.01, 140.88, 168.75

121.38, 114.93, 134.93, 167.71

123.57, 110.07, 139.45, 163.34

126.27, 105.46, 123.20, 158.47

129.41, 101.21, 116.71, 154.26

133.02, 97.28, 114.44, 149.49

136.98, 93.78, 114.05, 145.29

141.30, 90.73, 108.88, 141.59

146.00, 88.10, 107.64, 135.66

150.92, 86.01, 103.64, 128.52

155.97, 84.47, 100.97, 122.83

161.27, 83.46, 100.59, 119.77

166.48, 83.02, 105.74, 119.08

171.71, 83.14, 106.54, 115.42

177.06, 83.83, 107.48, 110.72

182.20, 85.06, 111.99, 108.48

187.13, 86.83, 115.27, 105.10

191.86, 89.06, 120.70, 101.47

196.23, 91.73, 125.55, 97.12

200.47, 94.98, 131.68, 94.46

204.27, 98.58, 132.99, 98.33

207.67, 102.56, 145.65, 90.31

210.66, 106.92, 150.19, 86.14

213.15, 111.52, 159.24, 85.31

215.13, 116.36, 167.35, 84.29

216.64, 121.43, 171.12, 84.46

217.59, 126.58, 176.64, 84.70

217.99, 131.90, 186.97, 86.76

217.83, 137.13, 193.08, 88.46

217.10, 142.42, 193.25, 90.70

215.82, 147.60, 202.64, 93.68

213.97, 152.67, 208.39, 96.64

211.64, 157.45, 208.90, 97.56

208.73, 162.01, 213.22, 108.61

205.40, 166.18, 218.00, 110.75

201.65, 169.98, 216.90, 116.71

197.52, 173.36, 216.05, 129.18

193.09, 176.25, 224.29, 133.43

188.34, 178.68, 224.68, 142.02

183.35, 180.59, 223.28, 150.73

178.19, 181.96, 221.08, 159.38

172.86, 182.76, 218.95, 167.01

167.53, 183.00, 219.03, 176.24

162.20, 182.66, 213.69, 178.53

156.94, 181.76, 213.83, 184.63

151.80, 180.30, 215.79, 193.69

146.90, 178.31, 221.71, 197.53

142.23, 175.85, 214.91, 200.86

137.85, 172.89, 210.87, 201.49

133.77, 169.45, 212.66, 205.68

130.12, 165.59, 210.92, 207.26

126.82, 161.36, 207.05, 206.64

124.01, 156.77, 203.67, 207.16

121.69, 151.84, 199.70, 204.86

119.94, 146.80, 194.10, 202.30

118.74, 141.55, 188.66, 200.45

118.11, 136.24, 184.82, 196.58

118.04, 130.96, 177.97, 191.55

118.54, 125.64, 170.79, 184.94

119.61, 120.41, 161.74, 178.44

121.21, 115.38, 154.88, 170.86

123.40, 110.39, 146.58, 162.17

126.07, 105.77, 137.18, 149.45

129.21, 101.45, 134.24, 146.62

132.79, 97.50, 129.82, 140.23

136.78, 93.95, 130.37, 128.61

141.08, 90.87, 120.98, 127.05

145.63, 88.28, 117.94, 122.02

150.42, 86.19, 118.08, 117.27

155.46, 84.60, 112.96, 113.26

160.54, 83.56, 111.66, 109.34

165.64, 83.05, 111.05, 105.17

170.88, 83.08, 108.58, 100.05

176.13, 83.67, 109.52, 96.57

181.14, 84.76, 110.32, 93.26

186.21, 86.43, 110.68, 89.67

190.93, 88.57, 111.46, 86.15

195.50, 91.24, 113.33, 83.77

199.71, 94.34, 115.99, 81.83

203.50, 97.79, 118.15, 80.37

207.05 101.78, 123.54, 79.59

210.13, 106.08, 126.96, 79.21

212.72, 110.63, 133.25, 81.72

214.85, 115.52, 140.08, 81.29

216.42, 120.51, 147.53, 82.79

217.46, 125.64, 155.70, 84.60

217.96, 131.01, 160.86, 89.16

217.89, 136.30, 173.05, 90.27

217.26, 141.54, 181.61, 93.06

216.04, 146.85, 188.84, 96.58

214.29, 151.89, 188.32, 95.71

211.99, 156.77, 201.31, 105.72

209.21, 161.32, 206.06, 108.65

205.99, 165.51, 216.34, 113.59

202.30, 169.38, 222.79, 122.81

198.27, 172.83, 227.52, 127.67

193.81, 175.82, 230.29, 133.27

189.15, 178.31, 233.73, 139.41

184.15, 180.32, 227.48, 142.14

178.91, 181.80, 230.30, 147.55

173.64, 182.68, 230.64, 153.94

168.21, 183.00, 233.57, 160.50

162.93, 182.74, 233.25, 166.73

157.76, 181.94, 230.43, 174.10

152.70, 180.58, 225.86, 178.60

147.81, 178.74, 215.24, 175.10

143.14, 176.38, 217.92, 182.86

138.70, 173.48, 204.82, 187.09

134.54, 170.16, 198.44, 194.01

130.81, 166.42, 189.82, 197.17

127.46, 162.26, 183.44, 198.68

124.59, 157.77, 178.44, 198.39

122.15, 152.95, 168.31, 201.11

120.27, 147.90, 158.17, 196.78

118.95, 142.68, 157.41, 202.05

118.19, 137.39, 153.69, 194.97

118.01, 132.06, 148.95, 195.59

118.39, 126.73, 147.81, 194.09

119.36, 121.43, 147.19, 189.02

120.90, 116.21, 144.48, 183.01

122.96, 111.28, 139.81, 171.84

125.56, 106.56, 139.61, 166.36

128.62, 102.19, 138.54, 157.92

132.13, 98.17, 137.20, 152.34

136.05, 94.54, 136.65, 142.74

140.20, 91.44, 135.78, 133.99

144.65, 88.79, 134.58, 124.32

149.45, 86.57, 133.32, 114.35

154.35, 84.88, 132.46, 105.81

159.46, 83.73, 130.81, 97.69

164.70, 83.11, 130.73, 91.67

169.94, 83.04, 128.34, 85.60

175.15, 83.51, 128.02, 81.62

180.28, 84.53, 127.34, 77.57

185.28, 86.08, 127.56, 75.39

190.04, 88.14, 128.44, 73.67

194.70, 90.73, 130.40, 73.31

198.89, 93.69, 131.57, 72.45

202.83, 97.17, 134.00, 73.32

206.46, 101.05, 137.29, 74.92

209.56, 105.24, 140.71, 76.61

212.26, 109.74, 144.47, 78.16

214.45, 114.50, 151.73, 80.67

216.13, 119.45, 152.78, 83.03

217.30, 124.66, 162.63, 84.03

217.90, 129.86, 171.18, 86.49

217.95, 135.15, 178.73, 89.38

217.43, 140.51, 183.73, 93.06

216.36, 145.74, 190.07, 95.63

214.72, 150.82, 198.55, 99.48

212.53, 155.75, 198.98, 98.89

209.85, 160.36, 207.89, 107.87

206.66, 164.71, 218.70, 115.02

203.06, 168.65, 219.00, 120.82

199.10, 172.15, 227.26, 127.07

194.75, 175.24, 225.67, 136.14

190.09, 177.86, 222.34, 133.81

185.08, 179.99, 229.37, 145.79

179.98, 181.54, 230.70, 152.02

174.68, 182.55, 219.67, 159.70

169.31, 182.98, 222.44, 159.08

163.92, 182.83, 221.18, 167.83

158.68, 182.12, 218.87, 174.24

153.65, 180.90, 213.87, 177.25

148.72, 179.13, 207.85, 182.24

143.96, 176.84, 209.02, 181.98

139.46, 174.06, 194.77, 185.74

135.25, 170.78, 190.41, 195.00

131.41, 167.07, 183.53, 197.65

127.95, 162.94, 178.61, 199.29

124.96, 158.45, 174.28, 194.77

122.47, 153.67, 169.08, 201.81

120.54, 148.70, 163.78, 202.59

119.13, 143.55, 157.53, 198.63

118.28, 138.28, 164.88, 192.51

118.00, 132.90, 154.43, 196.93

118.29, 127.62, 151.88, 192.65

119.15, 122.30, 150.08, 187.81

120.60, 117.10, 147.75, 182.78

122.56, 112.14, 144.83, 177.28

125.07, 107.37, 142.13, 171.20

128.02, 102.98, 139.96, 164.43

131.41, 98.93, 133.96, 155.58

135.29, 95.18, 131.41, 149.33

139.42, 91.97, 131.70, 142.81

143.91, 89.18, 128.41, 135.40

148.67, 86.87, 126.46, 128.00

153.60, 85.12, 124.02, 120.82

158.73, 83.87, 122.40, 113.60

163.92, 83.17, 121.09, 106.75

169.15, 83.01, 120.89, 100.52

174.27, 83.39, 120.04, 95.73

179.32, 84.30, 119.04, 90.07

184.34, 85.75, 115.28, 85.83

189.24, 87.74, 120.48, 82.04

193.77, 90.18, 122.81, 79.55

198.11, 93.08, 124.30, 77.34

202.15, 96.48, 128.41, 76.30

205.75, 100.21, 127.18, 81.83

208.97, 104.34, 136.01, 78.28

211.76, 108.82, 142.37, 77.92

214.05, 113.53, 144.92, 81.09

215.84, 118.45, 151.01, 83.60

217.10, 123.63, 159.27, 87.31

217.82, 128.82, 158.97, 92.21

217.99, 134.05, 171.80, 94.68

217.60, 139.32, 172.58, 99.12

216.67, 144.47, 184.26, 102.62

215.20, 149.49, 190.80, 105.55

213.17, 154.43, 197.24, 108.97

210.63, 159.13, 203.03, 112.34

204.09, 167.64, 199.17, 117.16

200.15, 171.29, 211.32, 123.53

195.84, 174.53, 219.48, 131.11

191.30, 177.26, 223.25, 137.80

186.45, 179.47, 223.40, 140.69

181.50, 181.14, 225.61, 149.38

176.39, 182.29, 225.89, 154.57

171.09, 182.90, 227.52, 164.32

165.85, 182.95, 225.84, 170.00

160.70, 182.46, 227.04, 176.87

155.57, 181.43, 225.88, 181.93

150.62, 179.88, 223.45, 184.65

145.86, 177.81, 223.27, 190.41

141.21, 175.22, 220.01, 191.17

136.98, 172.18, 217.11, 195.55

133.09, 168.80, 217.89, 192.88

129.51, 164.87, 212.07, 199.10

126.35, 160.67, 207.34, 199.56

123.71, 156.21, 202.86, 199.39

121.49, 151.36, 197.54, 198.32

119.81, 146.34, 191.38, 196.29

118.66, 141.08, 185.54, 193.13

118.08, 135.83, 179.78, 188.84

118.06, 130.49, 171.20, 186.08

118.62, 125.13, 160.42, 176.71

119.74, 119.86, 154.90, 176.31

121.43, 114.79, 156.42, 173.50

123.67, 109.88, 141.29, 166.79

126.35, 105.29, 134.88, 164.12

129.58, 101.01, 129.45, 161.63

133.17, 97.13, 124.95, 156.22

137.23, 93.59, 126.09, 157.64

141.61, 90.53, 116.36, 145.62

146.29, 87.94, 111.49, 135.48

151.26, 85.89, 113.02, 132.81

156.33, 84.38, 112.76, 127.48

161.58, 83.41, 112.72, 118.20

166.90, 83.01, 112.35, 112.88

172.08, 83.17, 116.89, 109.34

177.37, 83.89, 122.60, 103.31

182.35, 85.10, 123.86, 98.73

187.18, 86.85, 128.09, 94.41

192.00, 89.13, 126.73, 90.12

196.45, 91.88, 133.95, 85.14

200.59, 95.12, 140.61, 83.45

204.41, 98.74, 145.33, 80.88

207.80, 102.73, 151.41, 80.04

210.74, 107.05, 156.60, 79.52

213.24, 111.71, 161.70, 81.42

215.22, 116.56, 168.07, 83.33

216.67, 121.58, 175.72, 84.92

217.61, 126.79, 183.88, 86.48

217.99, 132.01, 186.30, 93.55

217.81, 137.34, 195.17, 90.92

217.06, 142.63, 200.65, 94.47

215.76, 147.80, 204.70, 98.76

213.89, 152.86, 208.03, 99.91

211.51, 157.64, 211.42, 102.68

208.63, 162.14, 209.60, 106.14

205.30, 166.34, 218.34, 111.79

201.50, 170.12, 214.88, 120.26

197.39, 173.48, 219.31, 122.14

192.95, 176.33, 215.43, 130.71

188.24, 178.72, 217.63, 135.20

183.30, 180.62, 215.47, 142.74

172.97, 182.75, 212.26, 156.91

167.69, 183.00, 210.61, 163.93

162.36, 182.68, 208.12, 170.00

157.09, 181.80, 206.26, 176.36

151.95, 180.35, 200.18, 177.37

146.95, 178.35, 200.01, 186.96

142.14, 175.80, 197.99, 189.48

137.73, 172.79, 196.07, 194.99

133.62, 169.30, 194.62, 197.23

129.98, 165.47, 191.39, 197.97

126.76, 161.28, 187.60, 197.76

123.98, 156.67, 182.04, 196.17

121.69, 151.84, 178.77, 195.02

119.93, 146.75, 172.18, 189.96

118.74, 141.60, 169.66, 184.69

118.11, 136.24, 162.79, 182.35

118.05, 130.85, 159.44, 181.27

118.55, 125.59, 157.19, 181.18

119.62, 120.36, 152.52, 178.11

121.23, 115.33, 146.13, 174.75

123.38, 110.44, 143.90, 167.25

126.07, 105.77, 134.18, 167.04

129.21, 101.41, 127.13, 157.78

132.83, 97.42, 125.86, 156.64

136.82, 93.91, 121.88, 150.79

141.16, 90.81, 122.60, 135.69

145.82, 88.19, 116.91, 136.12

150.62, 86.12, 115.16, 128.19

155.62, 84.56, 113.44, 120.19

160.80, 83.51, 112.85, 113.27

166.01, 83.04, 112.81, 106.70

171.24, 83.11, 112.92, 100.96

176.34, 83.70, 113.53, 95.81

181.45, 84.84, 112.38, 89.92

186.36, 86.49, 113.40, 86.00

191.16, 88.69, 115.85, 83.32

195.67, 91.35, 117.75, 80.45

199.83, 94.47, 120.64, 78.61

203.80, 98.09, 125.72, 78.30

207.18, 101.94, 129.71, 77.02

210.22, 106.21, 126.37, 83.88

212.81, 110.82, 136.04, 78.06

214.90, 115.67, 140.60, 77.59

216.48, 120.77, 152.82, 79.20

217.50, 125.96, 154.40, 85.65

217.97, 131.22, 167.58, 84.65

217.87, 136.56, 172.00, 88.31

217.21, 141.85, 177.67, 93.03

215.97, 147.10, 183.35, 96.12

214.19, 152.14, 185.80, 109.33

211.92, 156.95, 196.98, 107.33

209.09, 161.49, 202.19, 114.95

205.85, 165.67, 210.18, 120.14

202.23, 169.45, 214.50, 129.46

198.10, 172.92, 216.22, 137.38

193.77, 175.85, 222.07, 144.41

189.05, 178.35, 223.92, 152.05

184.15, 180.32, 223.67, 159.13

179.06, 181.76, 219.08, 165.34

173.75, 182.67, 216.16, 170.21

168.37, 183.00, 219.88, 172.89

162.93, 182.74, 219.80, 177.05

157.65, 181.92, 223.18, 181.97

152.50, 180.54, 224.08, 186.96

147.57, 178.63, 229.69, 187.15

142.95, 176.27, 220.77, 190.73

138.65, 173.48, 218.12, 193.15

134.51, 170.12, 214.99, 191.33

130.81, 166.42, 210.25, 190.99

127.52, 162.35, 206.87, 191.65

124.65, 157.91, 199.91, 188.78

122.30, 153.29, 194.76, 189.05

120.43, 148.35, 191.06, 188.58

119.05, 143.19, 186.40, 186.18

118.25, 137.91, 178.73, 185.42

118.00, 132.58, 172.54, 182.47

118.33, 127.25, 165.18, 179.80

119.23, 121.94, 156.18, 171.66

120.71, 116.75, 150.33, 167.99

122.71, 111.81, 145.52, 165.19

125.26, 107.05, 139.14, 156.49

128.24, 102.69, 133.97, 153.60

131.62, 98.70, 128.72, 147.02

135.45, 95.05, 123.78, 140.47

139.64, 91.82, 119.52, 133.60

144.14, 89.01, 115.66, 126.90

149.01, 86.75, 115.33, 119.68

154.00, 85.00, 108.63, 113.84

159.25, 83.77, 106.64, 107.90

164.50, 83.12, 103.26, 100.09

169.78, 83.03, 104.18, 96.51

175.10, 83.51, 109.40, 94.04

180.23, 84.52, 106.66, 90.19

185.18, 86.06, 109.08, 87.32

190.09, 88.15, 111.89, 85.13

194.61, 90.70, 115.50, 83.41

198.93, 93.72, 118.89, 81.20

202.87, 97.17, 123.99, 82.17

206.43, 101.01, 129.06, 79.45

209.59, 105.24, 137.26, 80.16

212.26, 109.74, 143.99, 79.39

214.47, 114.55, 147.78, 78.36

216.17, 119.60, 154.49, 79.76

217.31, 124.71, 163.97, 83.18

217.90, 129.91, 171.51, 84.68

217.95, 135.25, 181.20, 86.48

217.43, 140.51, 186.87, 90.00

216.34, 145.79, 191.68, 94.15

214.70, 150.87, 193.94, 95.85

212.53, 155.75, 198.36, 106.30

209.82, 160.41, 196.81, 112.19

206.66, 164.71, 210.24, 107.07

203.06, 168.65, 219.98, 116.02

199.06, 172.22, 217.80, 117.38

194.70, 175.27, 223.92, 125.16

190.09, 177.88, 228.51, 135.22

185.23, 179.94, 229.30, 142.79

180.23, 181.48, 228.58, 149.76

175.04, 182.50, 228.05, 156.61

169.78, 182.97, 226.21, 163.87

164.55, 182.88, 225.05, 170.96

159.30, 182.24, 223.74, 177.44

154.40, 181.10, 222.64, 183.78

149.50, 179.45, 219.35, 186.40

144.74, 177.24, 219.61, 194.50

140.24, 174.59, 217.18, 198.20

136.05, 171.46, 218.82, 201.09

132.17, 167.87, 211.58, 203.68

128.68, 163.89, 213.38, 200.84

125.64, 159.57, 203.29, 206.05

123.05, 154.90, 198.76, 205.54

120.99, 150.04, 192.47, 204.35

119.43, 144.87, 188.57, 199.58

118.43, 139.58, 177.23, 197.26

118.01, 134.20, 172.39, 196.91

118.17, 128.87, 172.55, 190.50

118.90, 123.58, 159.65, 189.43

120.21, 118.30, 163.37, 178.58

122.05, 113.29, 147.57, 178.27

124.41, 108.50, 145.95, 167.07

127.30, 103.95, 133.96, 164.51

130.63, 99.74, 126.75, 155.17

134.47, 95.91, 125.55, 144.13

138.57, 92.58, 119.62, 140.25

143.05, 89.67, 114.36, 130.85

147.76, 87.26, 112.66, 124.35

152.75, 85.38, 111.03, 116.79

157.81, 84.05, 109.16, 110.22

162.98, 83.25, 108.24, 104.13

168.16, 83.00, 108.08, 98.66

173.38, 83.30, 107.59, 93.80

178.50, 84.11, 106.36, 88.48

183.45, 85.45, 108.55, 84.74

188.38, 87.34, 107.24, 82.83

193.05, 89.73, 110.97, 79.62

197.43, 92.58, 112.63, 78.07

201.53, 95.91, 116.06, 77.99

205.19, 99.62, 120.26, 79.13

208.48, 103.65, 124.89, 80.33

211.35, 108.09, 131.01, 82.00

213.72, 112.76, 137.31, 84.53

215.60, 117.70, 141.87, 92.01

216.95, 122.81, 154.53, 91.55

217.75, 127.98, 161.86, 95.29

217.69, 138.54, 178.29, 103.22

216.83, 143.75, 187.72, 107.01

215.41, 148.95, 195.75, 109.77

213.42, 153.91, 203.34, 112.55

210.93, 158.63, 211.43, 117.97

207.89, 163.15, 216.33, 120.08

204.45, 167.23, 227.88, 125.82

200.55, 170.95, 227.56, 128.80

196.41, 174.18, 239.55, 134.81

191.90, 176.92, 243.33, 138.61

182.15, 180.96, 240.07, 148.78

176.91, 182.20, 243.16, 154.74

171.56, 182.87, 239.42, 150.91

166.22, 182.97, 242.44, 153.42

160.80, 182.48, 240.70, 158.99

155.51, 181.42, 240.61, 164.54

150.38, 179.79, 236.93, 170.17

145.53, 177.67, 232.16, 175.93

140.94, 175.05, 225.47, 181.43

136.70, 171.99, 218.87, 189.26

132.72, 168.43, 213.23, 193.50

129.14, 164.47, 205.49, 195.20

125.95, 160.06, 189.92, 198.36

123.31, 155.37, 178.71, 195.98

121.15, 150.48, 173.28, 199.40

119.56, 145.38, 165.63, 198.69

118.51, 140.10, 156.66, 194.54

118.03, 134.78, 150.33, 194.04

118.13, 129.44, 148.02, 188.70

118.80, 124.09, 140.23, 185.94

120.03, 118.85, 138.97, 175.16

121.85, 113.77, 129.08, 168.20

124.16, 108.96, 127.81, 166.18

126.97, 104.42, 118.16, 162.49

130.29, 100.17, 120.53, 153.50

134.00, 96.34, 124.24, 149.85

138.15, 92.89, 116.38, 143.36

142.59, 89.94, 123.76, 130.96

147.33, 87.47, 119.35, 127.08

152.35, 85.51, 118.87, 117.93

157.50, 84.11, 121.57, 111.22

162.67, 83.29, 125.49, 106.39

167.95, 83.00, 127.11, 100.61

173.17, 83.27, 132.77, 97.91

178.34, 84.08, 132.60, 94.75

183.40, 85.43, 138.39, 90.91

188.29, 87.30, 137.10, 90.32

193.05, 89.75, 142.60, 84.95

197.47, 92.61, 146.47, 83.34

201.54, 95.91, 148.88, 84.12

205.26, 99.66, 154.35, 81.69

208.54, 103.74, 153.31, 81.50

211.38, 108.14, 163.03, 78.48

213.76, 112.86, 164.16, 76.64

215.60, 117.70, 170.44, 77.19

216.94, 122.76, 170.44, 76.51

217.75, 127.98, 173.54, 78.65

218.00, 133.26, 163.31, 95.30

217.70, 138.59, 181.56, 83.73

216.83, 143.81, 185.48, 86.65

215.39, 148.95, 186.52, 90.35

213.42, 153.91, 188.38, 98.40

210.90, 158.68, 185.94, 101.82

207.92, 163.11, 195.53, 103.91

204.45, 167.23, 198.85, 110.67

200.63, 170.88, 205.61, 119.87

191.90, 176.92, 214.66, 135.99

182.05, 180.99, 220.65, 152.32

176.90, 182.20, 222.94, 160.00

171.61, 182.87, 222.91, 166.93

166.27, 182.97, 223.16, 173.82

160.95, 182.49, 216.09, 175.14

155.62, 181.44, 219.22, 182.43

150.52, 179.85, 224.94, 184.25

145.63, 177.72, 218.14, 194.82

140.99, 175.08, 218.32, 194.30

136.70, 171.99, 219.46, 201.67

132.72, 168.43, 205.72, 203.08

129.14, 164.43, 202.31, 203.91

125.95, 160.06, 192.06, 205.17

123.31, 155.42, 178.92, 199.15

121.15, 150.48, 176.56, 203.79

119.53, 145.28, 169.16, 202.11

118.50, 140.04, 161.78, 198.98

118.03, 134.73, 155.32, 194.79

118.13, 129.39, 147.83, 189.77

118.80, 124.09, 140.49, 184.68

120.04, 118.80, 140.44, 184.92

121.85, 113.77, 130.91, 174.25

124.19, 108.91, 126.00, 162.76

127.00, 104.38, 122.34, 160.78

130.25, 100.21, 122.35, 156.73

133.96, 96.37, 120.26, 150.41

137.98, 93.02, 120.68, 146.01

142.41, 90.04, 123.99, 141.17

147.14, 87.56, 123.29, 136.38

152.00, 85.63, 122.25, 131.53

157.14, 84.19, 122.73, 125.30

162.41, 83.31, 122.02, 119.45

167.79, 83.00, 118.95, 110.71

173.17, 83.27, 120.04, 106.72

178.40, 84.09, 130.37, 108.03

183.55, 85.48, 123.06, 98.35

188.53, 87.41, 125.77, 95.27

193.09, 89.75, 129.13, 92.25

197.56, 92.67, 128.52, 88.90

201.65, 96.05, 128.03, 89.39

205.30, 99.70, 135.78, 85.37

208.57, 103.82, 129.92, 85.91

211.38, 108.14, 142.94, 82.85

213.74, 112.81, 143.61, 81.26

215.63, 117.85, 148.59, 81.34

216.97, 122.91, 156.37, 83.22

217.75, 128.03, 162.07, 84.85

218.00, 133.37, 159.79, 80.29

217.68, 138.70, 174.88, 90.51

216.78, 143.96, 181.87, 93.81

215.32, 149.15, 187.16, 98.20

213.33, 154.15, 190.23, 101.85

210.77, 158.90, 194.52, 105.45

207.76, 163.31, 204.32, 111.26

204.27, 167.42, 208.55, 115.49

200.43, 171.05, 215.79, 122.49

196.19, 174.30, 219.08, 127.97

191.63, 177.07, 222.10, 133.81

186.79, 179.33, 224.05, 139.03

181.65, 181.10, 227.41, 145.29

176.44, 182.28, 221.89, 148.15

171.14, 182.90, 228.98, 158.71

165.70, 182.94, 226.99, 162.00

160.44, 182.42, 227.95, 173.29

155.31, 181.36, 225.73, 175.57

150.33, 179.77, 225.94, 184.74

145.58, 177.67, 223.55, 190.36

140.90, 175.02, 220.32, 194.89

136.57, 171.89, 216.35, 199.51

132.61, 168.32, 211.56, 202.86

128.98, 164.26, 205.18, 205.27

125.84, 159.88, 199.44, 204.05

123.17, 155.14, 194.39, 209.05

121.03, 150.13, 187.10, 207.14

119.47, 145.03, 183.64, 208.62

118.46, 139.79, 183.24, 198.96

118.02, 134.36, 177.21, 196.11

118.17, 128.92, 166.99, 195.39

118.90, 123.58, 162.25, 188.83

120.20, 118.30, 154.49, 180.64

122.05, 113.29, 149.01, 174.49

124.39, 108.55, 141.32, 166.02

127.27, 103.95, 134.37, 157.50

130.63, 99.78, 127.83, 148.85

134.43, 95.95, 125.58, 137.43

138.61, 92.55, 116.45, 133.05

143.09, 89.65, 112.14, 125.25

147.90, 87.22, 107.83, 119.95

152.80, 85.37, 103.36, 114.25

157.91, 84.03, 102.19, 111.27

163.09, 83.24, 100.36, 107.53

168.26, 83.00, 100.21, 104.05

173.49, 83.30, 99.00, 100.34

178.65, 84.15, 105.37, 93.15

183.55, 85.48, 104.11, 96.54

188.48, 87.39, 105.04, 92.70

193.14, 89.78, 111.28, 91.94

197.47, 92.61, 115.77, 90.95

201.57, 95.95, 120.51, 89.84

205.30, 99.74, 123.76, 88.65

208.57, 103.78, 131.31, 87.67

211.43, 108.27, 134.92, 86.62

213.80, 112.95, 144.92, 89.24

215.63, 117.80, 154.45, 87.65

216.97, 122.91, 162.78, 87.40

217.76, 128.19, 169.83, 87.39

218.00, 133.58, 175.61, 88.14

217.65, 138.90, 185.65, 90.52

216.74, 144.16, 191.71, 93.31

215.24, 149.39, 191.46, 96.74

213.22, 154.34, 194.29, 101.97

210.63, 159.13, 203.70, 105.73

207.67, 163.48, 208.50, 113.87

204.20, 167.49, 216.56, 119.47

200.27, 171.19, 218.51, 126.15

196.06, 174.38, 220.11, 132.57

191.53, 177.14, 221.84, 139.08

186.60, 179.41, 223.14, 145.29

181.55, 181.14, 216.76, 147.84

176.29, 182.31, 221.69, 155.64

170.98, 182.91, 223.64, 166.57

165.64, 182.94, 227.98, 171.37

160.38, 182.42, 228.38, 176.96

155.31, 181.36, 226.92, 179.05

150.28, 179.74, 227.15, 183.09

145.49, 177.65, 228.31, 188.57

140.94, 175.05, 227.46, 191.82

136.66, 171.96, 227.97, 192.30

132.76, 168.47, 223.21, 196.01

129.27, 164.59, 219.31, 197.52

126.09, 160.28, 215.26, 198.18

123.43, 155.65, 209.45, 198.44

121.25, 150.72, 203.77, 197.98

119.60, 145.54, 194.37, 192.46

118.53, 140.25, 194.35, 194.80

118.04, 134.89, 181.75, 189.29

118.12, 129.49, 177.23, 189.06

118.78, 124.20, 171.62, 184.70

119.99, 119.00, 163.95, 180.68

121.77, 113.96, 156.36, 176.49

124.11, 109.05, 147.17, 169.80

126.94, 104.46, 137.68, 159.33

130.22, 100.21, 138.51, 155.19

133.96, 96.37, 129.88, 145.55

138.06, 92.95, 126.64, 137.33

142.50, 89.99, 126.77, 125.17

147.19, 87.54, 117.00, 120.29

152.15, 85.58, 113.82, 111.99

157.25, 84.17, 111.28, 104.64

162.46, 83.31, 108.59, 98.29

167.84, 83.00, 106.05, 93.24

173.23, 83.27, 101.09, 85.79

178.40, 84.09, 105.17, 85.81

183.50, 85.46, 105.38, 83.60

188.34, 87.32, 107.43, 82.71

193.04, 89.72, 107.71, 81.10

197.43, 92.61, 113.74, 82.58

201.50, 95.91, 115.67, 81.79

205.23, 99.62, 120.49, 84.25

208.54, 103.74, 128.71, 84.35

211.41, 108.18, 135.57, 86.33

213.78, 112.90, 142.00, 87.86

215.65, 117.85, 145.21, 87.74

216.98, 123.01, 153.64, 90.97

217.77, 128.24, 166.04, 91.51

218.00, 133.52, 174.61, 93.45

217.66, 138.85, 181.79, 97.62

216.75, 144.11, 190.90, 97.50

215.29, 149.30, 190.44, 104.93

213.24, 154.29, 200.67, 102.06

210.71, 158.99, 212.37, 108.07

207.64, 163.48, 215.37, 109.41

204.23, 167.49, 224.03, 116.81

200.39, 171.09, 228.12, 122.05

196.15, 174.32, 230.37, 127.59

191.58, 177.11, 234.35, 132.01

186.70, 179.37, 235.45, 137.50

181.70, 181.09, 236.87, 143.27

176.44, 182.28, 236.42, 149.19

171.04, 182.91, 231.73, 156.06

165.75, 182.95, 233.63, 161.48

160.39, 182.42, 229.82, 165.71

155.21, 181.34, 232.74, 175.82

150.23, 179.73, 229.03, 179.26

145.44, 177.60, 227.13, 187.30

140.86, 174.99, 224.46, 190.28

136.66, 171.92, 223.73, 196.99

132.68, 168.35, 220.46, 200.64

129.08, 164.38, 216.18, 203.22

125.92, 160.01, 210.98, 202.62

123.24, 155.28, 198.00, 200.42

121.08, 150.28, 195.52, 205.33

119.48, 145.03, 186.85, 202.76

118.47, 139.84, 180.43, 201.59

118.02, 134.41, 171.91, 197.65

118.15, 129.08, 165.40, 192.59

118.87, 123.73, 158.54, 192.88

120.16, 118.45, 142.31, 177.46

121.99, 113.43, 143.87, 172.45

124.39, 108.55, 129.71, 168.00

127.27, 103.99, 124.94, 163.68

130.60, 99.82, 122.77, 156.35

134.43, 95.95, 118.64, 150.25

138.61, 92.55, 114.44, 142.65

143.14, 89.59, 116.98, 137.85

147.95, 87.20, 116.54, 129.61

152.95, 85.32, 122.50, 124.83

157.91, 84.03, 124.24, 119.78

163.09, 83.24, 128.45, 115.31

168.37, 83.00, 131.06, 110.07

173.59, 83.31, 135.64, 105.60

178.70, 84.16, 135.50, 102.42

183.80, 85.58, 144.01, 98.89

188.62, 87.45, 150.04, 95.11

193.27, 89.88, 152.26, 90.87

197.68, 92.80, 154.48, 88.64

201.77, 96.12, 157.88, 87.13

205.44, 99.86, 150.05, 79.47

208.73, 103.99, 165.93, 81.01

211.56, 108.46, 169.33, 78.95

213.91, 113.19, 173.32, 77.18

215.76, 118.20, 173.82, 77.05

217.05, 123.32, 169.65, 81.23

217.82, 128.71, 178.64, 77.80

217.59, 139.37, 180.42, 81.93

216.63, 144.67, 187.13, 87.94

215.11, 149.74, 185.99, 92.02

213.06, 154.67, 190.49, 99.24

210.52, 159.30, 191.94, 105.62

207.51, 163.65, 192.04, 112.21

155.21, 181.34, 200.87, 175.41

145.39, 177.60, 200.59, 179.09

140.72, 174.90, 194.12, 187.80

136.45, 171.79, 187.56, 193.56

132.50, 168.21, 183.93, 196.13

128.91, 164.18, 180.27, 197.67

125.78, 159.79, 172.45, 194.58

123.14, 155.09, 174.44, 200.10

121.04, 150.18, 171.58, 198.93

119.49, 145.08, 166.28, 197.14

118.47, 139.84, 167.15, 196.67

118.03, 134.62, 164.23, 194.21

118.13, 129.34, 166.43, 190.66

118.82, 123.99, 160.38, 186.88

120.06, 118.80, 157.77, 182.31

121.89, 113.67, 154.04, 177.62

124.24, 108.82, 148.57, 169.31

127.09, 104.25, 146.86, 166.47

130.39, 100.05, 142.65, 158.49

134.04, 96.30, 138.76, 152.30

138.15, 92.89, 135.98, 146.19

142.55, 89.96, 129.09, 136.70

147.23, 87.52, 125.86, 128.81

152.20, 85.56, 121.21, 120.15

157.30, 84.16, 117.26, 112.79

162.62, 83.29, 114.24, 105.75

168.00, 83.00, 113.73, 95.52

173.33, 83.29, 109.17, 94.92

178.60, 84.14, 108.14, 91.44

183.60, 85.50, 110.59, 90.43

188.39, 87.37, 112.07, 85.90

193.09, 89.75, 111.70, 82.49

197.52, 92.67, 115.10, 81.00

201.57, 95.95, 122.12, 81.61

205.30, 99.74, 127.07, 81.28

208.60, 103.82, 132.32, 80.30

211.48, 108.32, 138.52, 82.91

213.83, 113.00, 144.77, 84.49

215.68, 117.95, 149.07, 85.51

216.99, 123.01, 159.34, 88.33

217.77, 128.24, 161.10, 93.46

218.00, 133.58, 176.67, 93.13

217.65, 138.90, 183.60, 96.20

216.75, 144.11, 191.99, 98.86

215.27, 149.29, 196.55, 101.56

213.24, 154.29, 201.12, 105.91

210.71, 158.99, 205.87, 108.38

207.67, 163.44, 215.37, 114.91

204.16, 167.53, 216.42, 118.61

200.27, 171.19, 215.27, 133.68

196.02, 174.41, 228.49, 132.07

191.44, 177.16, 231.44, 137.00

186.55, 179.45, 231.80, 142.32

181.45, 181.16, 234.32, 146.76

176.13, 182.33, 231.49, 148.15

170.88, 182.92, 237.62, 157.83

165.49, 182.94, 235.38, 163.22

160.18, 182.38, 235.45, 168.29

155.01, 181.28, 226.99, 177.66

149.94, 179.62, 229.91, 177.98

145.25, 177.53, 225.59, 182.10

140.68, 174.88, 223.34, 185.16

136.41, 171.73, 215.67, 189.22

132.46, 168.17, 207.24, 192.19

128.88, 164.14, 200.93, 195.14

125.76, 159.70, 192.18, 197.82

123.10, 155.00, 185.65, 199.68

120.97, 149.99, 185.59, 205.16

119.42, 144.82, 176.30, 202.93

118.43, 139.53, 164.72, 200.33

118.01, 134.15, 164.89, 192.38

118.18, 128.76, 143.87, 191.49

118.94, 123.37, 140.17, 193.30

120.26, 118.15, 133.55, 187.56

122.13, 113.09, 128.34, 182.03

124.52, 108.32, 124.46, 176.03

127.40, 103.78, 124.70, 170.67

130.81, 99.58, 114.99, 161.35

134.58, 95.81, 110.50, 151.72

138.82, 92.40, 110.39, 142.05

143.32, 89.52, 111.66, 134.57

148.05, 87.13, 113.52, 128.17

153.05, 85.27, 122.14, 117.59

158.12, 83.99, 124.36, 117.31

163.24, 83.23, 120.77, 109.08

168.47, 83.00, 122.55, 103.45

173.64, 83.32, 121.64, 96.75

178.81, 84.18, 122.88, 92.00

183.95, 85.61, 124.24, 87.38

188.77, 87.52, 125.94, 84.07

193.45, 89.96, 126.34, 80.81

197.81, 92.86, 128.80, 81.52

201.84, 96.23, 132.87, 78.35

205.54, 99.97, 136.26, 76.78

208.79, 104.08, 138.89, 76.74

211.64, 108.59, 140.93, 76.78

214.01, 113.43, 138.81, 70.98

215.84, 118.50, 146.70, 79.19

217.12, 123.73, 155.32, 79.39

217.84, 129.02, 166.40, 85.02

217.98, 134.31, 174.24, 88.35

217.55, 139.68, 177.60, 90.60

216.57, 144.88, 190.38, 98.21

215.03, 149.99, 199.57, 102.07

212.97, 154.86, 207.05, 106.86

210.38, 159.57, 215.84, 111.48

207.28, 163.98, 221.21, 117.81

203.72, 167.98, 228.50, 122.47

199.71, 171.66, 224.44, 128.14

195.41, 174.85, 229.27, 138.22

190.75, 177.53, 234.28, 142.83

185.87, 179.72, 241.38, 151.70

180.84, 181.32, 242.13, 158.19

175.51, 182.43, 240.94, 164.50

170.20, 182.95, 240.55, 171.72

164.81, 182.90, 237.92, 177.23

159.35, 182.25, 236.53, 183.55

154.15, 181.04, 234.11, 187.57

149.20, 179.33, 229.66, 193.32

144.42, 177.06, 225.46, 194.51

139.90, 174.35, 221.00, 199.86

135.61, 171.09, 217.23, 202.22

131.73, 167.42, 212.20, 203.29

128.20, 163.27, 206.25, 203.85

125.18, 158.81, 193.18, 199.41

122.65, 154.05, 189.48, 199.33

120.63, 149.00, 189.63, 202.74

119.19, 143.86, 178.74, 200.38

118.31, 138.54, 172.07, 196.65

118.00, 133.16, 169.60, 189.75

118.27, 127.77, 158.26, 186.28

119.14, 122.40, 148.04, 177.26

120.55, 117.25, 143.65, 175.38

122.52, 112.23, 140.99, 165.40

124.96, 107.55, 130.53, 159.52

127.92, 103.10, 123.87, 150.77

131.34, 99.00, 118.60, 142.33

135.17, 95.29, 111.99, 134.35

139.42, 91.97, 107.96, 126.35

143.96, 89.16, 102.50, 119.86

148.77, 86.85, 97.28, 111.55

153.85, 85.04, 96.18, 108.49

158.94, 83.83, 95.56, 103.82

164.23, 83.14, 94.41, 98.76

169.41, 83.02, 97.77, 95.78

174.68, 83.45, 99.91, 91.23

179.82, 84.42, 101.61, 88.80

184.74, 85.89, 107.69, 87.20

189.53, 87.87, 112.76, 85.06

194.17, 90.40, 116.31, 82.33

198.56, 93.43, 120.62, 78.95

202.57, 96.88, 127.23, 79.18

206.22, 100.77, 135.65, 79.84

209.35, 104.90, 144.12, 79.83

212.06, 109.37, 149.93, 79.67

214.29, 114.11, 159.42, 80.89

216.01, 119.05, 170.19, 81.43

217.21, 124.15, 177.45, 82.24

217.87, 129.39, 183.28, 83.96

217.97, 134.73, 187.78, 88.27

217.50, 140.05, 195.71, 87.46

216.47, 145.28, 199.06, 90.13

214.86, 150.43, 197.56, 87.00

212.72, 155.37, 205.26, 95.26

210.05, 160.06, 206.68, 100.34

206.89, 164.47, 212.94, 106.98

203.32, 168.39, 219.62, 115.46

199.34, 171.96, 216.80, 117.53

