161.53, 83.42, 97.65, 111.30

166.80, 83.01, 97.88, 107.96

171.92, 83.16, 103.79, 100.90

177.01, 83.82, 102.23, 103.54

181.90, 84.97, 106.02, 101.33

186.70, 86.65, 110.49, 98.84

191.30, 88.79, 116.81, 96.21

195.71, 91.38, 120.50, 97.29

199.91, 94.51, 124.90, 91.82

203.69, 98.02, 130.80, 84.78

207.15, 101.90, 141.89, 83.80

210.19, 106.16, 150.12, 81.18

212.74, 110.67, 160.36, 79.94

214.81, 115.42, 169.41, 80.57

216.40, 120.46, 176.19, 79.12

217.44, 125.54, 186.66, 78.85

217.95, 130.70, 196.20, 78.96

217.91, 135.93, 202.73, 80.37

217.33, 141.13, 209.64, 81.89

216.23, 146.19, 209.18, 79.75

214.57, 151.21, 220.18, 86.34

212.41, 155.98, 223.97, 89.66

209.76, 160.49, 226.29, 93.81

206.63, 164.75, 230.21, 98.53

203.10, 168.61, 232.89, 104.32

199.18, 172.09, 230.57, 110.84

194.92, 175.16, 232.44, 115.52

190.33, 177.74, 227.75, 119.98

185.58, 179.83, 228.32, 129.61

180.54, 181.42, 229.37, 135.95

175.41, 182.46, 223.29, 142.48

170.20, 182.95, 221.06, 149.61

164.91, 182.90, 218.10, 156.28

159.71, 182.31, 212.17, 162.94

154.55, 181.16, 207.52, 168.96

149.59, 179.49, 202.12, 175.48

144.84, 177.31, 197.50, 181.61

140.29, 174.62, 192.15, 190.89

136.13, 171.53, 188.86, 197.60

132.28, 167.98, 183.13, 200.03

128.78, 164.02, 177.20, 204.56

125.73, 159.70, 175.08, 211.79

123.17, 155.14, 170.51, 211.82

121.08, 150.28, 163.76, 212.23

119.53, 145.28, 161.95, 213.12

118.52, 140.15, 157.48, 211.24

118.04, 134.83, 161.02, 206.64

118.12, 129.60, 152.57, 205.82

118.74, 124.40, 146.80, 201.21

119.94, 119.20, 145.88, 197.92

121.63, 114.30, 137.77, 191.10

123.86, 109.51, 134.37, 185.01

126.53, 105.07, 129.27, 175.36

129.68, 100.89, 129.31, 163.94

133.24, 97.06, 120.05, 153.22

137.19, 93.62, 115.43, 144.83

141.43, 90.64, 112.03, 136.98

146.05, 88.05, 113.32, 129.10

150.82, 86.05, 104.57, 116.05

155.77, 84.52, 108.76, 114.91

160.90, 83.50, 100.98, 100.11

166.01, 83.04, 100.78, 94.87

171.19, 83.10, 109.08, 90.46

176.29, 83.69, 105.78, 87.54

181.40, 84.84, 107.26, 83.64

186.26, 86.45, 112.92, 82.62

190.93, 88.57, 117.39, 80.17

195.45, 91.21, 122.70, 78.84

199.55, 94.21, 128.33, 76.79

203.32, 97.64, 134.40, 75.32

206.79, 101.45, 138.09, 73.27

209.79, 105.55, 146.48, 71.21

212.43, 110.07, 149.42, 69.62

214.57, 114.79, 157.69, 67.58

216.20, 119.71, 160.79, 66.52

217.32, 124.77, 171.47, 65.70

217.91, 129.97, 179.06, 65.96

217.95, 135.15, 187.56, 67.58

217.46, 140.30, 189.92, 72.64

216.43, 145.43, 198.21, 74.66

214.88, 150.38, 204.99, 77.33

212.81, 155.18, 214.61, 84.33

210.24, 159.75, 221.37, 90.93

207.22, 164.02, 225.24, 97.94

203.76, 167.95, 229.65, 102.14

199.83, 171.56, 224.85, 114.01

195.63, 174.68, 232.17, 114.95

191.12, 177.33, 234.25, 124.49

186.31, 179.53, 230.01, 127.26

181.35, 181.19, 233.35, 139.22

176.24, 182.32, 232.14, 147.90

170.98, 182.91, 230.34, 155.16

165.75, 182.95, 224.55, 161.73

160.59, 182.45, 223.50, 172.78

155.46, 181.40, 216.29, 176.96

150.52, 179.85, 211.16, 185.84

145.72, 177.76, 202.57, 189.23

141.12, 175.16, 198.82, 197.60

136.90, 172.12, 190.04, 198.87

132.94, 168.65, 191.03, 205.03

129.37, 164.75, 181.39, 202.17

126.27, 160.54, 172.86, 207.50

123.59, 155.98, 166.90, 209.11

121.45, 151.26, 162.65, 211.04

119.81, 146.29, 158.87, 208.79

118.67, 141.18, 154.37, 206.41

118.09, 135.98, 151.28, 202.49

118.05, 130.75, 144.30, 197.96

118.57, 125.49, 142.74, 192.68

119.61, 120.41, 137.40, 184.95

121.19, 115.42, 132.36, 177.36

123.31, 110.58, 129.51, 169.58

125.87, 106.08, 125.65, 163.57

128.91, 101.82, 128.22, 156.06

132.39, 97.90, 122.12, 149.55

136.21, 94.37, 118.23, 144.53

140.42, 91.30, 117.02, 140.05

144.93, 88.62, 113.23, 133.82

149.69, 86.47, 112.32, 129.08

154.65, 84.81, 112.76, 125.21

159.76, 83.68, 113.57, 121.63

164.91, 83.09, 116.51, 120.65

170.15, 83.05, 122.82, 117.32

175.36, 83.54, 122.06, 113.77

180.43, 84.57, 131.17, 108.13

185.38, 86.12, 134.00, 109.01

190.18, 88.19, 140.29, 105.32

194.70, 90.73, 148.51, 102.02

198.98, 93.75, 156.32, 97.16

202.91, 97.24, 163.41, 93.01

209.59, 105.24, 178.85, 84.83

212.29, 109.79, 179.26, 75.03

214.45, 114.55, 190.15, 77.30

216.13, 119.50, 194.62, 73.70

217.29, 124.61, 197.30, 71.05

217.90, 129.81, 185.21, 68.20

217.96, 135.04, 203.27, 68.39

217.46, 140.30, 200.93, 69.10

216.44, 145.38, 200.75, 70.38

214.88, 150.38, 199.55, 72.02

212.81, 155.18, 196.60, 74.64

210.27, 159.70, 195.12, 78.79

207.28, 163.93, 191.06, 83.14

203.83, 167.87, 193.84, 89.86

199.99, 171.43, 186.98, 102.07

195.84, 174.53, 191.86, 105.09

191.40, 177.21, 192.29, 112.11

186.70, 179.37, 193.53, 120.84

181.85, 181.04, 193.98, 129.43

176.85, 182.21, 195.38, 138.00

171.77, 182.86, 194.97, 144.24

166.69, 182.98, 198.86, 153.75

161.47, 182.57, 196.86, 158.77

156.43, 181.63, 201.75, 168.58

151.41, 180.17, 201.71, 175.63

146.52, 178.15, 199.68, 181.02

141.92, 175.66, 201.67, 191.25

137.60, 172.70, 200.89, 197.05

133.58, 169.27, 196.69, 199.27

129.95, 165.43, 198.16, 207.31

126.79, 161.28, 197.21, 210.79

124.01, 156.77, 195.73, 212.26

121.77, 152.04, 190.59, 210.54

120.01, 147.05, 187.88, 211.85

118.80, 141.91, 198.40, 209.89

118.14, 136.71, 182.57, 204.49

118.02, 131.53, 178.57, 199.35

118.46, 126.27, 172.33, 191.54

119.42, 121.12, 165.33, 186.04

120.94, 116.11, 158.58, 179.34

122.94, 111.33, 149.60, 172.68

125.45, 106.74, 142.47, 166.56

128.43, 102.44, 134.72, 157.37

131.84, 98.47, 127.62, 151.18

135.61, 94.91, 122.02, 146.18

139.77, 91.73, 118.11, 142.35

144.19, 89.03, 114.34, 135.87

148.82, 86.81, 109.28, 129.47

153.75, 85.06, 106.70, 124.52

158.79, 83.85, 104.56, 118.50

163.92, 83.17, 105.10, 115.70

169.10, 83.01, 103.67, 109.79

174.27, 83.40, 106.24, 107.60

179.42, 84.32, 106.87, 104.21

184.44, 85.78, 110.25, 100.68

189.24, 87.74, 114.22, 97.25

193.86, 90.20, 114.17, 93.44

198.10, 93.08, 123.91, 88.73

202.11, 96.44, 130.33, 84.58

205.68, 100.13, 137.27, 81.53

208.85, 104.16, 143.33, 77.13

211.61, 108.55, 152.53, 73.34

213.89, 113.14, 162.28, 69.48

215.70, 118.00, 168.80, 66.11

216.99, 123.01, 177.01, 64.63

217.76, 128.19, 179.56, 61.62

218.00, 133.37, 187.67, 61.30

217.68, 138.64, 191.45, 61.95

216.83, 143.80, 193.06, 63.06

215.45, 148.80, 199.87, 65.80

213.53, 153.67, 201.61, 74.39

211.14, 158.27, 208.77, 77.31

208.27, 162.64, 210.53, 85.24

204.95, 166.69, 210.46, 95.22

201.22, 170.37, 205.53, 109.74

197.13, 173.63, 210.35, 115.27

192.73, 176.48, 210.47, 126.13

188.05, 178.80, 209.99, 137.31

183.20, 180.65, 208.86, 148.50

178.14, 181.97, 203.61, 156.20

172.97, 182.75, 207.33, 169.39

167.79, 183.00, 203.94, 174.97

162.51, 182.70, 205.19, 183.89

157.35, 181.84, 204.62, 188.57

152.30, 180.45, 206.55, 196.59

147.38, 178.55, 202.70, 196.63

142.82, 176.17, 211.30, 196.50

138.44, 173.33, 203.72, 202.51

134.39, 170.02, 199.67, 199.29

130.70, 166.30, 198.05, 199.03

127.43, 162.22, 198.00, 199.43

124.57, 157.77, 197.60, 201.04

122.22, 153.10, 192.62, 197.55

120.37, 148.15, 192.74, 200.54

119.04, 143.09, 197.08, 195.93

118.24, 137.91, 181.17, 195.16

118.00, 132.69, 176.80, 195.83

118.31, 127.41, 177.45, 188.44

119.17, 122.25, 164.07, 189.38

120.59, 117.10, 154.53, 183.47

122.49, 112.28, 146.39, 181.32

124.91, 107.64, 139.34, 173.00

127.83, 103.23, 132.19, 167.85

131.12, 99.23, 131.75, 159.39

134.82, 95.60, 119.23, 150.93

138.91, 92.33, 113.19, 142.68

143.27, 89.54, 108.34, 134.38

147.90, 87.22, 102.47, 123.64

152.80, 85.37, 99.30, 114.24

157.76, 84.05, 96.64, 108.58

162.83, 83.27, 96.37, 102.40

168.05, 83.00, 95.38, 94.87

173.17, 83.27, 96.35, 88.73

178.24, 84.06, 97.34, 82.56

183.10, 85.34, 100.09, 77.98

187.76, 87.07, 101.13, 72.92

192.32, 89.31, 106.95, 69.09

196.62, 92.03, 110.27, 65.99

200.79, 95.25, 113.99, 61.74

204.52, 98.85, 121.01, 60.05

207.86, 102.81, 129.06, 59.53

210.80, 107.14, 137.28, 58.58

213.26, 111.76, 145.10, 59.37

215.22, 116.56, 155.19, 60.81

216.68, 121.58, 163.17, 61.92

217.61, 126.73, 173.70, 64.31

217.99, 131.90, 181.92, 66.24

217.82, 137.18, 191.96, 70.46

217.12, 142.32, 202.16, 73.47

215.90, 147.40, 209.67, 78.03

214.11, 152.33, 218.69, 82.20

211.84, 157.04, 223.35, 87.43

209.09, 161.54, 229.40, 93.88

205.85, 165.71, 233.11, 101.01

202.23, 169.48, 239.37, 105.20

198.19, 172.86, 233.85, 118.61

193.81, 175.82, 241.57, 123.35

189.15, 178.31, 241.39, 129.42

184.25, 180.29, 237.53, 138.34

179.21, 181.74, 241.08, 145.04

174.01, 182.64, 242.79, 154.28

168.73, 182.99, 239.37, 161.87

163.50, 182.80, 230.02, 166.43

158.32, 182.05, 227.94, 175.42

153.25, 180.76, 217.16, 178.84

148.38, 178.99, 217.72, 188.90

143.68, 176.69, 202.17, 186.51

139.25, 173.91, 196.18, 194.76

135.13, 170.68, 186.46, 193.62

131.37, 167.04, 182.42, 198.34

127.98, 162.98, 175.86, 198.68

125.07, 158.63, 170.16, 198.59

122.63, 154.00, 167.31, 185.91

120.66, 149.10, 151.65, 191.51

119.25, 144.11, 145.78, 188.44

118.36, 138.95, 139.34, 182.51

118.01, 133.68, 136.43, 177.54

118.20, 128.50, 132.90, 172.08

118.95, 123.32, 129.63, 166.27

120.24, 118.20, 132.30, 164.91

122.03, 113.29, 125.90, 155.09

124.31, 108.64, 125.69, 154.42

127.12, 104.21, 123.16, 149.55

130.32, 100.09, 140.82, 132.44

134.04, 96.30, 120.65, 143.62

138.02, 92.98, 119.26, 142.75

142.32, 90.07, 117.29, 142.83

147.00, 87.63, 133.61, 147.48

151.80, 85.70, 130.96, 136.52

156.84, 84.26, 124.04, 127.02

162.05, 83.36, 116.35, 131.63

167.27, 83.01, 125.85, 133.31

172.39, 83.20, 122.58, 126.15

177.57, 83.93, 122.45, 119.85

182.60, 85.18, 127.26, 115.89

187.47, 86.95, 131.76, 112.06

192.09, 89.18, 135.09, 107.96

196.49, 91.91, 140.41, 103.15

200.59, 95.08, 137.41, 102.70

204.34, 98.66, 150.33, 94.35

207.70, 102.60, 155.72, 90.19

210.60, 106.83, 159.82, 87.76

213.08, 111.38, 165.68, 82.91

215.08, 116.16, 164.80, 79.45

216.56, 121.07, 173.38, 76.52

217.53, 126.16, 181.62, 74.46

217.97, 131.38, 181.57, 75.12

217.87, 136.56, 189.12, 71.55

217.25, 141.70, 193.99, 71.29

216.07, 146.75, 196.09, 73.49

214.39, 151.70, 198.70, 75.99

212.19, 156.40, 202.64, 80.81

209.50, 160.89, 206.91, 85.50

206.36, 165.07, 205.00, 88.53

202.83, 168.91, 210.17, 97.54

198.85, 172.38, 210.17, 103.79

194.57, 175.36, 211.16, 112.59

190.00, 177.90, 213.40, 120.85

185.13, 179.97, 209.97, 132.52

180.13, 181.51, 211.62, 138.02

174.99, 182.51, 209.57, 147.02

169.78, 182.97, 211.07, 157.56

164.55, 182.88, 204.95, 162.91

159.35, 182.25, 201.83, 170.60

154.25, 181.06, 199.42, 177.44

149.30, 179.37, 199.52, 183.88

144.56, 177.16, 194.16, 192.44

140.07, 174.44, 187.97, 194.06

135.85, 171.29, 186.24, 201.22

132.02, 167.72, 182.36, 204.88

128.59, 163.77, 184.95, 201.11

125.59, 159.48, 177.96, 207.99

123.05, 154.90, 175.08, 204.41

121.01, 150.08, 172.86, 206.09

119.47, 145.03, 171.84, 203.92

118.47, 139.84, 169.05, 200.09

118.03, 134.68, 165.49, 192.75

118.13, 129.44, 163.16, 188.77

118.77, 124.25, 160.99, 179.52

119.97, 119.10, 164.87, 172.30

121.65, 114.21, 156.98, 165.41

123.89, 109.46, 153.05, 156.66

126.56, 105.03, 150.52, 150.34

129.68, 100.85, 149.48, 145.12

133.28, 96.98, 143.74, 136.54

137.19, 93.59, 142.26, 131.96

141.43, 90.64, 136.45, 124.69

146.00, 88.10, 133.27, 119.43

150.82, 86.05, 129.94, 116.65

155.82, 84.51, 127.94, 111.52

161.01, 83.49, 125.48, 107.74

166.17, 83.03, 126.57, 106.39

171.40, 83.12, 122.36, 100.98

176.60, 83.74, 123.06, 99.39

181.65, 84.90, 124.41, 96.51

186.50, 86.57, 126.42, 96.34

191.17, 88.69, 128.39, 94.19

195.54, 91.27, 131.01, 91.95

199.67, 94.31, 134.07, 89.28

203.43, 97.72, 136.82, 86.45

206.86, 101.53, 139.59, 82.86

209.91, 105.72, 137.91, 77.27

212.48, 110.16, 149.70, 78.18

214.60, 114.94, 153.03, 75.85

216.24, 119.86, 155.88, 74.90

217.34, 124.92, 162.78, 72.58

217.92, 130.17, 169.64, 71.63

217.94, 135.36, 177.11, 74.75

217.42, 140.56, 180.60, 77.30

216.36, 145.74, 188.17, 82.67

214.77, 150.72, 196.90, 86.60

212.67, 155.47, 201.39, 92.63

210.05, 160.06, 208.13, 99.53

206.99, 164.30, 216.63, 107.84

203.47, 168.28, 218.59, 113.43

199.55, 171.79, 222.95, 118.26

195.32, 174.90, 228.54, 126.83

190.70, 177.55, 236.19, 135.17

185.87, 179.70, 234.52, 140.50

180.89, 181.31, 235.06, 146.59

175.72, 182.41, 231.77, 149.82

170.51, 182.94, 231.96, 159.50

165.28, 182.92, 227.98, 165.53

160.07, 182.36, 225.35, 171.92

154.96, 181.27, 219.46, 176.80

150.03, 179.66, 217.11, 184.67

145.21, 177.50, 211.18, 187.56

140.68, 174.88, 213.72, 190.97

136.45, 171.79, 200.79, 193.47

132.53, 168.24, 193.01, 195.56

129.04, 164.34, 194.08, 199.89

126.01, 160.14, 182.87, 198.66

123.40, 155.61, 178.69, 200.05

121.28, 150.82, 172.29, 198.05

119.68, 145.84, 175.45, 196.55

118.61, 140.77, 163.50, 197.11

118.07, 135.56, 158.93, 185.83

118.07, 130.28, 153.11, 184.86

118.63, 125.02, 147.82, 180.59

119.73, 119.96, 143.73, 174.03

121.38, 114.94, 138.06, 166.00

123.52, 110.16, 134.08, 159.49

126.09, 105.68, 127.96, 154.24

129.21, 101.45, 122.34, 146.15

132.72, 97.57, 118.26, 138.78

136.53, 94.11, 115.58, 133.27

140.77, 91.07, 117.08, 128.72

145.25, 88.47, 110.42, 123.08

149.98, 86.36, 107.56, 115.86

155.01, 84.72, 120.44, 110.16

160.07, 83.63, 108.88, 107.21

165.23, 83.07, 106.75, 103.67

170.51, 83.06, 106.92, 100.30

175.67, 83.60, 109.44, 97.89

180.74, 84.65, 113.64, 97.03

185.77, 86.26, 113.18, 91.15

190.56, 88.38, 119.63, 88.78

195.06, 90.95, 124.52, 86.77

199.30, 94.01, 129.02, 84.61

203.21, 97.50, 135.09, 80.33

206.69, 101.33, 141.40, 77.91

209.79, 105.59, 148.75, 76.12

212.43, 110.07, 156.82, 74.54

214.58, 114.84, 168.80, 73.22

216.23, 119.81, 174.23, 75.74

217.34, 124.92, 181.42, 71.41

217.92, 130.12, 191.37, 71.61

217.94, 135.41, 193.90, 73.51

217.42, 140.56, 201.30, 75.86

216.36, 145.74, 203.93, 78.33

214.75, 150.72, 209.24, 83.55

212.64, 155.56, 217.20, 87.60

210.02, 160.10, 220.43, 93.69

206.92, 164.38, 221.32, 99.58

203.43, 168.28, 224.54, 106.86

199.51, 171.82, 222.25, 114.89

195.28, 174.91, 220.36, 118.88

190.75, 177.55, 221.96, 126.40

185.92, 179.68, 222.08, 134.61

180.99, 181.28, 216.22, 139.56

175.93, 182.37, 216.36, 149.26

170.67, 182.93, 212.11, 155.92

165.49, 182.94, 207.76, 162.54

160.33, 182.41, 202.73, 169.20

155.16, 181.32, 195.00, 171.07

150.18, 179.72, 188.84, 177.75

145.39, 177.60, 186.05, 187.41

140.81, 174.96, 179.56, 192.24

136.57, 171.89, 174.01, 195.91

132.68, 168.36, 171.09, 203.31

129.14, 164.47, 167.47, 206.91

126.07, 160.23, 164.77, 206.56

123.47, 155.70, 163.01, 210.83

121.32, 150.92, 161.19, 210.84

119.72, 145.99, 157.93, 210.97

118.62, 140.87, 158.56, 207.33

118.07, 135.62, 156.00, 206.50

118.07, 130.33, 156.15, 202.84

118.62, 125.18, 150.83, 198.44

119.72, 120.01, 147.86, 192.36

121.34, 115.03, 145.48, 184.99

123.50, 110.21, 141.75, 176.59

126.10, 105.72, 139.23, 168.37

129.18, 101.49, 136.49, 160.20

132.72, 97.57, 132.23, 148.79

136.62, 94.08, 127.03, 140.07

140.81, 91.04, 126.24, 133.67

145.35, 88.43, 129.24, 129.36

150.08, 86.32, 119.77, 119.73

155.01, 84.70, 119.64, 113.67

160.08, 83.63, 118.10, 107.40

165.23, 83.08, 117.18, 102.17

170.36, 83.06, 119.95, 99.20

175.61, 83.58, 119.28, 92.98

180.74, 84.65, 121.51, 90.99

185.67, 86.23, 123.94, 87.45

190.47, 88.33, 128.02, 85.79

194.97, 90.90, 126.85, 82.40

199.14, 93.88, 137.38, 80.12

203.02, 97.31, 142.81, 77.31

206.56, 101.17, 148.75, 75.28

209.65, 105.33, 150.69, 77.14

212.29, 109.79, 162.26, 72.80

214.47, 114.59, 165.28, 73.67

216.13, 119.50, 178.07, 71.72

217.27, 124.56, 185.27, 72.79

217.89, 129.76, 188.94, 73.95

217.96, 134.99, 196.29, 75.78

217.49, 140.10, 201.95, 77.60

216.48, 145.23, 205.92, 79.65

214.97, 150.13, 211.47, 81.68

212.95, 154.90, 209.52, 84.54

210.41, 159.48, 211.67, 88.19

207.44, 163.73, 212.19, 91.73

204.02, 167.68, 214.87, 97.42

200.15, 171.29, 213.93, 102.67

195.97, 174.44, 211.59, 109.77

191.49, 177.19, 207.79, 117.35

186.65, 179.39, 209.94, 124.51

181.75, 181.09, 209.06, 132.09

176.60, 182.26, 207.09, 139.83

171.45, 182.88, 207.03, 147.82

166.27, 182.97, 206.19, 155.94

160.96, 182.50, 201.54, 162.56

155.92, 181.52, 202.16, 170.38

150.91, 179.99, 200.39, 177.56

146.05, 177.92, 198.69, 183.21

141.43, 175.36, 206.75, 184.73

137.15, 172.35, 196.53, 195.83

133.17, 168.87, 195.42, 203.06

129.61, 165.03, 190.07, 204.06

126.47, 160.84, 188.25, 209.09

123.76, 156.30, 183.09, 209.65

121.61, 151.60, 178.22, 208.43

119.91, 146.70, 179.93, 199.13

118.74, 141.54, 165.75, 200.32

118.11, 136.35, 159.27, 197.31

118.03, 131.17, 154.53, 195.05

118.51, 125.90, 147.38, 188.25

119.51, 120.82, 141.44, 185.73

121.05, 115.82, 133.87, 178.63

123.12, 110.96, 127.82, 174.10

125.64, 106.43, 122.75, 168.06

128.62, 102.19, 118.15, 164.49

132.09, 98.20, 113.04, 159.65

135.89, 94.64, 110.73, 155.07

140.07, 91.47, 116.31, 156.85

144.60, 88.81, 110.82, 148.73

149.35, 86.61, 106.58, 139.98

154.35, 84.90, 112.02, 131.17

159.51, 83.73, 106.74, 127.74

164.60, 83.11, 108.48, 123.74

169.83, 83.03, 116.34, 113.67

174.99, 83.49, 114.85, 110.91

180.03, 84.47, 120.08, 105.34

184.89, 85.96, 126.52, 99.54

189.76, 87.98, 129.83, 97.48

194.30, 90.48, 137.78, 86.85

198.60, 93.46, 145.64, 80.81

202.57, 96.88, 152.31, 75.42

206.12, 100.65, 155.17, 67.16

209.30, 104.90, 164.72, 66.89

212.07, 109.37, 167.88, 61.26

214.29, 114.11, 181.76, 63.18

216.03, 119.10, 189.08, 63.81

217.21, 124.15, 193.14, 65.58

217.87, 129.34, 191.60, 66.80

217.97, 134.62, 193.65, 69.80

217.54, 139.79, 200.12, 76.09

216.56, 144.93, 205.82, 80.14

215.03, 149.99, 210.10, 86.64

213.02, 154.76, 214.59, 93.15

210.49, 159.35, 217.12, 97.97

207.48, 163.69, 213.74, 110.20

204.09, 167.61, 221.99, 111.51

200.27, 171.19, 228.64, 120.94

196.06, 174.38, 228.83, 126.30

191.58, 177.09, 233.23, 134.30

186.84, 179.31, 237.41, 145.10

181.80, 181.06, 238.95, 150.23

176.70, 182.24, 242.55, 158.68

171.40, 182.88, 240.30, 163.48

166.17, 182.97, 238.42, 169.95

160.90, 182.49, 238.06, 175.10

155.77, 181.48, 237.31, 183.04

150.87, 179.97, 235.47, 189.63

146.05, 177.92, 230.15, 193.71

141.43, 175.36, 223.35, 194.69

137.11, 172.31, 216.77, 196.15

133.20, 168.87, 208.14, 197.85

129.61, 165.03, 199.41, 198.02

126.47, 160.84, 189.15, 197.69

123.79, 156.35, 180.75, 198.13

121.57, 151.55, 176.48, 196.18

119.88, 146.60, 160.65, 193.44

118.73, 141.49, 150.22, 191.36

118.11, 136.24, 140.13, 187.45

118.04, 131.06, 131.26, 182.70

118.51, 125.85, 121.25, 177.11

119.54, 120.67, 115.49, 173.42

121.10, 115.67, 107.85, 167.56

123.14, 110.91, 103.12, 160.59

125.67, 106.34, 101.99, 153.93

128.65, 102.15, 94.65, 149.14

132.09, 98.20, 90.55, 144.33

135.93, 94.64, 90.39, 138.96

140.03, 91.56, 94.00, 133.60

144.42, 88.91, 90.61, 131.89

149.16, 86.69, 90.10, 126.08

154.05, 84.99, 94.43, 122.95

159.09, 83.80, 94.83, 118.53

164.29, 83.14, 98.94, 113.03

169.47, 83.02, 102.55, 107.45

174.63, 83.45, 108.49, 103.44

179.83, 84.42, 118.07, 99.76

184.79, 85.92, 122.29, 94.52

189.62, 87.92, 129.11, 89.55

194.21, 90.45, 137.58, 84.43

198.52, 93.40, 143.24, 78.14

202.46, 96.80, 150.15, 74.89

206.09, 100.61, 158.30, 70.38

209.27, 104.77, 163.94, 65.85

211.97, 109.23, 169.72, 62.89

214.23, 113.96, 177.99, 60.22

215.97, 118.90, 179.39, 56.81

217.18, 123.99, 183.42, 54.28

217.86, 129.29, 194.31, 57.32

217.98, 134.52, 197.65, 60.15

217.54, 139.79, 203.56, 63.14

216.56, 144.93, 204.81, 68.90

215.04, 149.94, 208.91, 73.07

212.99, 154.81, 213.10, 81.54

210.47, 159.39, 214.17, 88.04

207.51, 163.69, 216.44, 99.77

204.05, 167.65, 219.51, 111.21

200.19, 171.26, 219.72, 120.31

196.02, 174.41, 223.68, 132.93

191.49, 177.16, 224.12, 143.35

186.70, 179.37, 222.77, 158.38

181.70, 181.09, 224.01, 165.85

176.54, 182.26, 225.22, 175.34

171.40, 182.88, 229.93, 185.70

166.12, 182.96, 227.34, 188.11

161.06, 182.52, 231.17, 194.30

155.92, 181.52, 230.65, 196.62

150.92, 179.99, 228.82, 197.49

146.05, 177.92, 230.83, 200.58

141.52, 175.41, 228.72, 200.17

137.31, 172.48, 222.49, 196.97

133.32, 169.02, 217.98, 196.40

129.74, 165.19, 220.73, 195.47

126.56, 160.97, 211.58, 196.87

123.89, 156.54, 203.13, 195.38

121.67, 151.80, 202.05, 197.82

119.96, 146.85, 188.30, 189.97

118.77, 141.70, 179.04, 184.90

118.13, 136.51, 169.18, 182.42

118.03, 131.27, 159.19, 182.68

118.48, 126.06, 161.13, 186.16

119.48, 120.92, 142.45, 177.79

121.03, 115.82, 132.13, 175.36

123.10, 111.00, 123.62, 171.26

125.64, 106.43, 124.62, 167.50

128.69, 102.11, 112.40, 164.96

132.13, 98.17, 107.13, 160.83

135.97, 94.61, 111.05, 153.37

140.20, 91.44, 111.92, 155.30

144.70, 88.76, 104.80, 142.57

149.45, 86.57, 108.47, 138.01

154.40, 84.88, 111.90, 130.28

159.40, 83.74, 118.01, 120.12

164.55, 83.12, 120.90, 110.54

169.78, 83.03, 126.11, 102.46

174.89, 83.48, 128.53, 93.67

180.03, 84.47, 135.01, 86.28

184.99, 85.99, 143.54, 78.24

189.81, 88.01, 148.42, 72.04

194.35, 90.51, 152.21, 65.82

198.69, 93.52, 158.06, 62.06

202.61, 96.91, 167.30, 58.04

206.19, 100.73, 170.03, 53.14

209.38, 104.94, 177.14, 55.38

212.07, 109.37, 185.37, 56.20

214.27, 114.06, 190.12, 57.13

216.01, 119.05, 189.88, 56.77

217.20, 124.15, 184.44, 58.52

217.86, 129.29, 194.23, 61.25

217.98, 134.57, 196.51, 66.55

217.54, 139.79, 199.30, 68.42

216.56, 144.93, 203.88, 73.54

215.04, 149.94, 204.32, 77.96

213.02, 154.76, 204.73, 88.47

210.47, 159.39, 209.80, 93.17

207.48, 163.69, 211.35, 102.05

204.09, 167.65, 212.85, 107.32

200.19, 171.26, 211.87, 118.08

196.02, 174.41, 212.13, 124.57

191.53, 177.11, 206.81, 130.30

186.75, 179.35, 205.51, 138.32

181.85, 181.04, 205.81, 149.44

176.80, 182.22, 203.80, 156.87

171.56, 182.87, 200.84, 163.96

166.38, 182.97, 195.34, 169.57

161.11, 182.52, 192.43, 178.10

155.97, 181.52, 191.31, 182.08

150.92, 179.99, 191.30, 187.30

146.10, 177.95, 189.58, 189.16

141.47, 175.38, 181.93, 196.17

137.23, 172.41, 179.11, 198.42

133.28, 168.98, 193.10, 202.44

129.68, 165.11, 176.14, 204.32

126.56, 160.97, 175.62, 202.35

123.84, 156.44, 174.38, 199.93

121.63, 151.70, 178.20, 193.53

119.93, 146.75, 174.89, 199.05

118.74, 141.54, 172.48, 197.93

118.11, 136.35, 168.56, 193.17

118.04, 131.06, 170.93, 194.05

118.52, 125.80, 160.66, 187.52

119.54, 120.67, 155.84, 184.34

121.10, 115.67, 150.16, 179.23

123.17, 110.86, 145.56, 173.52

125.73, 106.30, 148.53, 163.10

128.72, 102.02, 135.35, 160.28

132.20, 98.09, 131.87, 153.60

135.97, 94.61, 127.17, 147.83

140.16, 91.47, 124.65, 141.47

144.65, 88.79, 121.29, 135.17

149.35, 86.59, 120.03, 130.00

154.30, 84.91, 117.02, 123.56

159.35, 83.75, 115.39, 116.91

164.49, 83.12, 114.24, 109.54

169.73, 83.03, 117.93, 104.64

174.94, 83.49, 110.27, 96.28

180.08, 84.48, 111.44, 91.24

185.08, 86.01, 112.41, 86.26

189.86, 88.03, 114.87, 82.31

194.39, 90.53, 119.50, 79.68

198.65, 93.49, 127.19, 77.68

202.64, 96.95, 125.66, 79.22

206.19, 100.73, 138.67, 74.30

209.32, 104.90, 145.35, 74.16

212.07, 109.37, 153.97, 74.03

214.27, 114.11, 164.48, 74.99

216.00, 119.00, 173.47, 76.31

217.21, 124.15, 182.43, 78.65

217.86, 129.29, 187.32, 80.85

217.98, 134.52, 194.18, 82.02

217.54, 139.79, 203.76, 82.04

216.56, 144.93, 213.66, 85.08

215.03, 149.99, 215.67, 82.46

212.99, 154.81, 223.37, 89.04

210.47, 159.39, 227.19, 90.69

207.41, 163.77, 233.00, 95.99

203.98, 167.72, 242.08, 99.51

200.15, 171.32, 240.48, 107.78

195.89, 174.50, 246.32, 109.44

191.35, 177.21, 250.03, 114.76

186.60, 179.43, 248.80, 120.13

181.55, 181.13, 247.41, 125.46

176.44, 182.28, 246.73, 135.11

171.24, 182.89, 241.94, 140.04

165.96, 182.96, 234.14, 147.82

160.75, 182.47, 228.43, 154.84

155.57, 181.43, 220.72, 166.07

150.67, 179.90, 214.59, 168.76

145.86, 177.83, 206.65, 174.79

141.25, 175.24, 197.91, 183.34

136.98, 172.22, 187.87, 189.47

133.05, 168.76, 179.00, 196.83

129.47, 164.87, 169.88, 202.47

126.35, 160.67, 163.14, 210.89

123.69, 156.16, 154.89, 214.10

121.49, 151.36, 147.74, 215.50

119.83, 146.40, 142.89, 216.19

118.69, 141.29, 136.69, 215.73

118.09, 136.03, 130.82, 212.82

118.05, 130.80, 129.99, 208.73

118.54, 125.64, 130.16, 201.30

119.60, 120.41, 127.33, 195.71

121.19, 115.42, 133.39, 193.55

123.28, 110.63, 124.26, 181.77

125.87, 106.08, 122.00, 173.62

128.91, 101.82, 119.26, 165.23

132.42, 97.87, 118.00, 156.19

136.25, 94.34, 114.94, 147.13

140.46, 91.27, 112.66, 138.63

144.88, 88.67, 110.94, 130.28

149.69, 86.47, 109.74, 121.97

154.66, 84.81, 108.10, 113.95

159.61, 83.71, 104.63, 107.74

164.70, 83.11, 102.13, 100.12

169.78, 83.03, 101.99, 96.27

174.94, 83.48, 102.47, 91.77

180.03, 84.47, 101.19, 85.38

184.99, 85.97, 103.14, 82.47

189.76, 87.98, 107.07, 79.93

194.35, 90.51, 110.01, 80.30

198.60, 93.49, 115.77, 74.96

202.57, 96.88, 122.66, 73.20

206.16, 100.69, 127.84, 70.35

209.32, 104.85, 135.34, 68.89

212.02, 109.28, 142.44, 70.59

214.27, 114.06, 143.10, 64.99

216.00, 119.00, 151.62, 69.68

217.19, 124.04, 168.37, 73.31

217.86, 129.29, 178.95, 77.95

217.98, 134.52, 189.94, 79.69

217.54, 139.73, 197.55, 83.95

216.56, 144.93, 205.81, 88.66

215.04, 149.99, 213.63, 91.36

212.97, 154.86, 212.94, 104.76

210.44, 159.48, 222.03, 101.27

207.41, 163.77, 227.19, 109.42

203.91, 167.80, 230.81, 114.15

200.07, 171.36, 234.15, 119.83

195.89, 174.53, 239.87, 128.00

191.30, 177.24, 237.52, 134.03

186.55, 179.43, 236.27, 137.83

181.65, 181.10, 233.73, 145.74

176.54, 182.27, 227.86, 150.94

171.35, 182.89, 226.09, 156.98

166.06, 182.96, 221.43, 161.05

160.80, 182.48, 211.65, 169.35

155.77, 181.48, 212.20, 173.81

150.82, 179.95, 212.99, 179.82

146.00, 177.90, 201.18, 178.85

141.47, 175.38, 204.95, 177.59

137.19, 172.38, 194.17, 186.50

133.20, 168.91, 189.74, 187.61

129.64, 165.07, 186.21, 184.73

126.53, 160.89, 184.39, 185.68

123.81, 156.35, 176.58, 182.80

121.61, 151.65, 173.73, 182.24

119.90, 146.65, 169.27, 179.71

118.74, 141.54, 167.04, 174.44

118.12, 136.40, 161.36, 169.69

118.04, 131.06, 158.48, 165.04

118.51, 125.90, 150.80, 160.42

119.51, 120.82, 142.39, 152.61

121.06, 115.77, 138.95, 149.32

123.10, 111.00, 133.48, 144.85

125.62, 106.43, 127.69, 139.16

128.65, 102.15, 124.29, 135.31

132.09, 98.20, 123.93, 138.18

135.93, 94.64, 113.34, 130.40
