211.20, 159.11, 239.36, 133.90

209.80, 160.52, 224.12, 148.70

208.28, 161.64, 234.18, 135.62

206.68, 162.41, 239.89, 135.73

204.96, 162.87, 239.12, 135.20

203.15, 163.00, 237.66, 135.82

201.24, 162.79, 235.32, 137.11

199.20, 162.26, 231.84, 139.14

197.07, 161.38, 228.90, 140.49

194.88, 160.20, 226.06, 140.70

192.59, 158.68, 217.66, 144.56

190.23, 156.90, 213.54, 141.88

187.81, 154.83, 215.36, 146.58

185.35, 152.53, 210.39, 146.09

182.88, 150.04, 209.23, 148.68

170.02, 135.42, 187.11, 151.98

167.42, 132.28, 181.02, 147.17

164.81, 129.18, 180.18, 146.43

162.18, 126.06, 185.19, 149.86

159.61, 123.07, 179.56, 150.90

157.12, 120.23, 175.83, 151.57

154.53, 117.41, 172.06, 149.26

152.05, 114.86, 172.63, 151.70

149.57, 112.44, 167.38, 148.50

147.14, 110.23, 168.99, 149.89

144.74, 108.29, 174.03, 145.14

142.46, 106.65, 165.27, 145.63

140.20, 105.27, 160.44, 141.10

138.08, 104.24, 159.12, 137.72

136.01, 103.50, 158.67, 134.34

134.04, 103.09, 152.77, 127.13

132.17, 103.01, 148.82, 121.28

130.37, 103.27, 143.09, 114.99

128.72, 103.84, 135.59, 107.34

127.15, 104.73, 131.24, 103.53

125.70, 105.94, 128.27, 100.23

124.36, 107.44, 121.97, 95.73

123.16, 109.22, 117.55, 92.94

122.05, 111.26, 113.62, 90.82

121.09, 113.52, 111.17, 89.53

120.26, 115.96, 107.55, 89.61

119.56, 118.60, 104.10, 89.33

118.98, 121.40, 99.37, 88.43

118.53, 124.36, 96.28, 88.98

118.22, 127.44, 94.42, 91.62

118.04, 130.55, 93.02, 93.60

118.00, 133.69, 90.53, 95.03

118.10, 136.85, 91.10, 99.36

118.34, 139.94, 89.32, 101.81

118.71, 142.95, 86.22, 106.34

119.23, 145.92, 89.02, 107.17

119.86, 148.65, 86.53, 112.79

120.65, 151.24, 88.13, 117.77

121.55, 153.63, 85.78, 121.23

122.58, 155.79, 88.75, 125.79

123.75, 157.72, 89.38, 130.72

125.03, 159.38, 91.31, 136.62

126.46, 160.74, 92.56, 137.67

127.98, 161.79, 94.51, 142.21

129.61, 162.52, 106.10, 150.24

131.34, 162.91, 99.58, 151.40

133.17, 162.99, 102.23, 158.13

135.13, 162.72, 105.13, 162.83

137.15, 162.13, 107.66, 167.49

139.29, 161.19, 109.63, 172.50

141.50, 159.97, 117.55, 181.15

143.80, 158.40, 114.76, 179.99

146.17, 156.57, 122.80, 180.29

148.60, 154.46, 118.73, 181.52

151.09, 152.10, 120.96, 178.58

153.62, 149.50, 123.61, 178.68

156.20, 146.76, 128.71, 180.51

158.81, 143.84, 132.32, 175.50

161.40, 140.86, 143.61, 179.18

164.05, 137.72, 142.17, 169.73

166.67, 134.60, 148.33, 167.90

169.26, 131.46, 154.05, 164.10

171.90, 128.34, 156.64, 158.90

174.47, 125.27, 160.79, 155.55

177.06, 122.31, 164.06, 152.14

179.62, 119.44, 167.58, 148.78

182.15, 116.69, 171.46, 146.97

184.64, 114.17, 174.38, 144.48

187.06, 111.85, 176.21, 141.40

189.48, 109.73, 176.59, 141.14

191.81, 107.87, 177.36, 136.02

194.10, 106.28, 179.53, 132.96

196.28, 105.00, 179.51, 128.36

198.42, 104.01, 183.00, 125.81

200.45, 103.37, 177.84, 117.58

202.38, 103.04, 184.18, 116.09

204.23, 103.04, 185.12, 111.86

206.02, 103.37, 188.03, 109.87

207.65, 104.01, 194.88, 106.65

209.21, 104.99, 197.56, 104.07

210.62, 106.27, 200.77, 101.60

211.93, 107.82, 203.86, 99.41

213.13, 109.69, 190.66, 107.00

214.19, 111.79, 206.42, 95.61

215.12, 114.10, 207.95, 93.56

215.93, 116.63, 208.68, 90.99

216.61, 119.35, 203.72, 87.01

217.16, 122.25, 211.02, 89.94

217.58, 125.27, 215.01, 88.81

217.85, 128.31, 216.89, 89.65

217.98, 131.43, 218.37, 90.90

217.98, 134.60, 220.33, 92.00

217.84, 137.72, 222.03, 93.86

217.57, 140.79, 221.91, 97.45

217.15, 143.84, 224.45, 97.90

216.60, 146.70, 226.76, 99.92

215.90, 149.47, 224.90, 106.17

215.08, 152.05, 216.76, 97.78

214.11, 154.39, 223.16, 109.78

213.02, 156.53, 226.00, 116.45

211.79, 158.36, 220.90, 111.23

210.44, 159.93, 222.00, 115.80

208.97, 161.18, 228.69, 127.04

207.41, 162.10, 231.37, 130.00

205.71, 162.71, 228.09, 131.66

203.92, 162.98, 224.18, 136.34

202.06, 162.92, 225.73, 139.38

200.07, 162.53, 224.07, 143.04

198.00, 161.80, 220.50, 147.14

195.91, 160.79, 221.82, 153.27

193.6, 159.44, 218.55, 155.33

191.42, 157.83, 217.32, 159.49

189.08, 155.93, 211.36, 159.49

186.67, 153.79, 207.30, 162.37

184.22, 151.41, 207.60, 168.44

181.82, 148.94, 207.44, 169.98

179.29, 146.20, 204.93, 172.07

176.75, 143.34, 202.56, 173.94

174.19, 140.37, 200.46, 175.91

171.53, 137.23, 195.29, 174.41

166.30, 130.96, 192.26, 177.33

163.61, 127.75, 190.49, 176.51

160.98, 124.66, 189.96, 177.01

158.40, 121.69, 193.41, 174.87

155.82, 118.82, 184.77, 172.83

153.30, 116.14, 182.22, 170.52

150.82, 113.64, 185.77, 167.01

148.41, 111.37, 176.13, 161.69

146.03, 109.30, 173.29, 157.24

143.71, 107.52, 169.80, 152.51

141.50, 106.02, 168.75, 148.21

139.34, 104.82, 164.97, 143.57

137.25, 103.90, 159.21, 136.57

135.23, 103.30, 155.81, 131.44

133.32, 103.02, 153.46, 127.31

131.50, 103.07, 151.58, 123.74

129.74, 103.44, 144.42, 117.52

128.11, 104.14, 140.89, 113.47

126.56, 105.18, 137.45, 112.08

125.16, 106.49, 134.57, 110.47

123.87, 108.10, 130.34, 104.58

122.70, 109.99, 127.68, 101.59

121.66, 112.12, 122.30, 98.82

120.76, 114.44, 120.97, 100.00

119.95, 117.06, 118.30, 94.72

119.29, 119.80, 115.47, 94.17

118.77, 122.66, 112.15, 92.25

118.38, 125.66, 109.47, 91.96

118.12, 128.77, 106.98, 91.99

118.01, 131.87, 106.41, 94.06

118.03, 134.98, 100.74, 92.67

118.18, 138.10, 98.64, 95.74

118.47, 141.16, 111.17, 95.52

118.91, 144.19, 99.84, 94.13

119.47, 147.04, 89.50, 101.19

120.18, 149.76, 87.49, 106.17

121.03, 152.32, 82.83, 108.09

122.01, 154.65, 81.42, 108.98

123.11, 156.72, 82.38, 119.26

124.32, 158.51, 85.83, 118.03

125.67, 160.04, 83.70, 123.60

127.17, 161.28, 87.59, 124.02

128.75, 162.18, 81.08, 141.50

130.44, 162.75, 82.20, 146.41

132.24, 162.99, 82.78, 152.57

134.14, 162.90, 86.60, 156.75

136.15, 162.46, 90.35, 161.17

138.23, 161.70, 92.09, 160.95

140.40, 160.62, 96.34, 160.43

142.68, 159.20, 102.58, 157.30

145.00, 157.51, 105.83, 167.35

147.38, 155.52, 112.36, 170.13

149.84, 153.31, 113.87, 172.01

152.33, 150.86, 122.42, 171.37

154.88, 148.19, 125.03, 176.27

157.40, 145.43, 130.71, 177.63

159.97, 142.51, 137.31, 178.35

162.57, 139.45, 141.49, 178.55

165.17, 136.39, 147.55, 178.04

167.79, 133.25, 159.20, 170.50

170.46, 130.05, 158.08, 176.41

173.07, 126.95, 161.88, 174.80

175.67, 123.91, 165.08, 172.43

178.29, 120.91, 170.57, 167.02

180.81, 118.11, 169.44, 165.45

183.33, 115.49, 171.19, 161.61

185.82, 113.02, 172.03, 157.74

188.24, 110.79, 173.49, 153.69

190.61, 108.80, 179.18, 148.53

192.89, 107.10, 176.37, 145.32

195.08, 105.68, 178.02, 140.99

197.20, 104.56, 179.49, 137.06

199.26, 103.72, 181.31, 132.17

201.26, 103.20, 180.53, 125.97

203.17, 103.00, 183.52, 121.99

204.96, 103.13, 188.27, 118.44

206.71, 103.60, 186.01, 118.51

208.33, 104.39, 188.97, 116.63

209.83, 105.51, 198.15, 107.98

211.20, 106.89, 201.83, 105.46

212.48, 108.62, 205.58, 102.60

213.62, 110.60, 208.50, 99.90

214.63, 112.81, 211.28, 98.82

215.52, 115.29, 214.86, 95.46

216.28, 117.95, 216.87, 93.20

216.90, 120.77, 218.08, 92.05

217.39, 123.76, 217.13, 89.74

217.73, 126.85, 215.16, 87.09

217.94, 130.02, 214.19, 86.08

218.00, 133.19, 217.68, 87.68

217.92, 136.35, 222.41, 90.77

217.70, 139.51, 219.60, 92.31

217.34, 142.57, 217.89, 95.76

216.85, 145.52, 219.88, 101.38

216.21, 148.35, 220.48, 105.44

215.43, 151.01, 221.00, 110.58

214.52, 153.47, 222.28, 115.23

213.49, 155.65, 226.29, 119.02

212.33, 157.60, 226.32, 124.98

211.04, 159.30, 223.92, 127.85

209.62, 160.68, 228.98, 135.20

208.09, 161.75, 228.68, 139.97

206.44, 162.50, 229.30, 144.10

204.68, 162.91, 225.19, 148.72

202.81, 162.99, 224.68, 150.28

200.87, 162.72, 225.02, 155.05

198.85, 162.13, 213.06, 153.47

196.75, 161.23, 226.71, 160.52

194.55, 160.00, 218.84, 160.48

192.34, 158.51, 225.20, 162.76

190.02, 156.72, 223.17, 162.60

187.69, 154.72, 221.36, 162.57

185.26, 152.44, 219.22, 162.89

182.75, 149.91, 216.75, 162.98

180.23, 147.23, 214.55, 162.60

177.65, 144.36, 209.37, 160.06

175.02, 141.34, 207.38, 160.85

172.44, 138.28, 204.66, 160.84

169.83, 135.20, 201.62, 160.15

167.21, 132.06, 199.69, 159.54

164.60, 128.93, 194.64, 158.11

161.99, 125.84, 191.83, 157.50

159.40, 122.84, 189.32, 155.76

156.86, 119.97, 184.57, 155.18

154.28, 117.16, 179.96, 153.85

151.78, 114.59, 177.80, 150.86

149.35, 112.21, 172.63, 148.12

147.02, 110.13, 169.38, 146.45

144.60, 108.19, 162.39, 140.05

142.37, 106.58, 159.99, 137.19

140.13, 105.24, 155.19, 132.43

138.04, 104.21, 150.84, 127.74

135.99, 103.49, 145.97, 123.00

134.02, 103.09, 139.30, 115.68

132.17, 103.01, 135.98, 113.62

130.39, 103.26, 129.40, 108.63

128.70, 103.84, 124.53, 105.10

127.14, 104.74, 120.20, 102.50

125.70, 105.95, 116.51, 100.80

124.35, 107.45, 117.26, 96.05

123.13, 109.24, 111.05, 97.00

122.05, 111.26, 109.77, 96.78

121.08, 113.54, 105.19, 94.79

120.24, 116.06, 103.36, 94.66

119.53, 118.71, 101.33, 94.72

118.96, 121.55, 99.75, 94.58

118.52, 124.48, 98.96, 96.61

118.21, 127.53, 102.91, 93.17

118.04, 130.71, 94.93, 96.96

118.00, 133.85, 93.76, 99.39

118.11, 136.95, 89.40, 98.59

118.35, 140.06, 90.01, 103.07

118.73, 143.07, 86.86, 103.92

119.24, 145.97, 88.01, 109.83

119.90, 148.76, 86.18, 112.71

120.68, 151.34, 85.09, 117.16

121.62, 153.79, 82.85, 118.58

122.66, 155.93, 82.99, 122.87

123.84, 157.85, 89.82, 118.84

125.15, 159.50, 85.30, 134.22

126.54, 160.82, 87.83, 139.09

128.05, 161.83, 96.13, 143.91

129.69, 162.54, 92.63, 148.81

131.43, 162.93, 95.07, 153.36

133.26, 162.98, 98.35, 157.93

135.23, 162.70, 102.66, 162.05

137.25, 162.09, 106.68, 165.29

139.38, 161.16, 116.62, 163.05

141.63, 159.89, 126.11, 162.92

143.91, 158.33, 121.33, 175.54

146.31, 156.45, 130.99, 178.35

148.75, 154.32, 126.35, 175.07

151.24, 151.95, 132.03, 180.09

153.75, 149.39, 133.16, 180.33

156.33, 146.62, 134.02, 176.26

158.97, 143.66, 139.70, 178.40

161.53, 140.67, 140.03, 175.99

164.16, 137.60, 144.79, 175.72

166.80, 134.44, 146.43, 174.60

169.41, 131.27, 150.99, 171.59

172.05, 128.15, 151.10, 169.94

174.71, 125.02, 153.49, 166.79

177.27, 122.04, 155.75, 163.79

179.82, 119.21, 157.65, 160.88

182.33, 116.50, 160.72, 157.77

184.81, 114.00, 163.40, 154.62

187.16, 111.74, 167.01, 151.71

189.55, 109.65, 166.66, 147.11

191.90, 107.81, 170.25, 144.08

194.13, 106.26, 173.30, 140.48

196.34, 104.97, 175.60, 136.49

198.46, 104.01, 178.79, 132.55

200.49, 103.36, 182.84, 129.14

202.46, 103.04, 186.42, 126.06

204.30, 103.05, 190.50, 121.94

206.05, 103.38, 194.07, 117.96

207.72, 104.05, 197.38, 113.31

209.24, 105.02, 200.92, 109.34

210.67, 106.31, 206.94, 105.88

211.99, 107.91, 211.67, 101.65

213.17, 109.76, 214.80, 100.25

214.25, 111.92, 217.31, 95.76

215.19, 114.29, 220.40, 91.73

216.00, 116.87, 223.94, 88.57

216.68, 119.69, 223.92, 86.68

217.22, 122.60, 224.53, 85.20

217.62, 125.66, 213.14, 88.09

217.88, 128.84, 217.88, 84.49

217.99, 131.99, 222.80, 84.94

217.97, 135.20, 226.69, 86.33

217.80, 138.37, 210.84, 102.73

217.49, 141.46, 224.23, 91.60

217.04, 144.45, 224.25, 93.16

216.47, 147.29, 222.28, 97.23

215.74, 150.02, 224.83, 99.25

214.90, 152.53, 227.66, 101.37

213.91, 154.83, 226.19, 106.08

212.80, 156.88, 227.04, 109.78

211.55, 158.68, 219.45, 107.02

210.17, 160.18, 223.24, 118.91

208.67, 161.39, 220.36, 123.36

205.31, 162.80, 226.23, 135.51

203.50, 163.00, 224.97, 139.91

201.61, 162.86, 223.81, 143.06

199.59, 162.38, 224.17, 149.95

197.54, 161.60, 225.21, 152.34

195.39, 160.50, 228.18, 158.48

193.14, 159.07, 226.86, 161.61

190.86, 157.40, 220.83, 166.21

188.53, 155.44, 217.49, 172.00

186.09, 153.24, 224.03, 169.56

183.62, 150.79, 219.96, 170.88

181.14, 148.22, 221.04, 172.88

178.63, 145.43, 220.58, 175.33

176.03, 142.51, 216.52, 173.75

173.46, 139.51, 213.12, 172.16

170.83, 136.39, 209.79, 170.06

168.26, 133.31, 208.38, 169.69

165.62, 130.15, 202.29, 167.16

162.96, 126.98, 198.93, 164.74

160.39, 123.94, 194.03, 162.10

157.78, 121.00, 188.61, 159.09

155.29, 118.22, 184.74, 157.39

152.75, 115.57, 178.24, 152.68

150.25, 113.09, 172.02, 150.15

147.83, 110.85, 174.37, 150.81

145.46, 108.86, 159.89, 143.89

143.14, 107.11, 154.75, 141.83

140.90, 105.67, 149.89, 138.53

138.78, 104.55, 143.81, 135.87

136.70, 103.70, 140.03, 133.72

134.70, 103.19, 135.65, 131.15

132.77, 103.00, 132.79, 128.53

130.95, 103.15, 128.17, 125.25

129.24, 103.62, 123.40, 121.89

127.66, 104.40, 119.68, 119.01

126.17, 105.50, 117.61, 115.24

124.78, 106.93, 121.14, 106.94

123.53, 108.60, 110.03, 106.31

122.40, 110.56, 106.13, 102.22

121.41, 112.72, 102.40, 98.90

120.51, 115.16, 115.71, 97.89

119.76, 117.78, 99.50, 96.98

119.14, 120.54, 93.74, 94.38

118.65, 123.46, 89.52, 93.86

118.30, 126.49, 86.66, 93.66

118.08, 129.55, 84.89, 95.38

118.00, 132.69, 97.18, 102.49

118.06, 135.89, 79.97, 96.91

118.26, 139.02, 88.04, 98.67

118.60, 142.12, 78.12, 102.48

119.06, 145.03, 76.77, 104.33

119.66, 147.81, 77.54, 108.25

120.38, 150.43, 78.24, 109.98

121.25, 152.89, 79.92, 113.15

122.24, 155.13, 85.36, 111.08

123.38, 157.16, 83.90, 120.27

124.62, 158.89, 84.29, 124.46

125.98, 160.33, 87.04, 127.78

127.49, 161.49, 91.59, 133.51

129.08, 162.32, 95.05, 137.95

130.79, 162.83, 89.55, 142.71

132.63, 163.00, 91.35, 147.07

134.52, 162.84, 92.70, 150.75

136.53, 162.34, 94.94, 154.41

138.65, 161.51, 102.98, 157.16

140.86, 160.35, 102.58, 160.56

143.16, 158.87, 106.43, 162.15

145.51, 157.10, 116.00, 163.79

147.93, 155.06, 119.73, 168.81

150.42, 152.74, 121.45, 175.58

152.92, 150.25, 131.84, 182.34

155.49, 147.54, 134.01, 184.81

158.07, 144.68, 140.64, 185.71

160.67, 141.70, 147.46, 185.81

163.32, 138.59, 154.85, 184.22

165.98, 135.42, 158.65, 183.65

171.35, 128.99, 167.88, 176.26

174.01, 125.84, 170.44, 173.70

176.62, 122.81, 177.83, 170.84

179.16, 119.94, 180.77, 166.21

181.70, 117.19, 183.27, 160.24

184.22, 114.59, 185.21, 154.26

186.67, 112.21, 187.02, 148.63

189.10, 110.05, 186.47, 141.56

191.49, 108.12, 187.16, 137.14

193.77, 106.50, 189.20, 133.05

196.00, 105.16, 192.04, 129.44

198.10, 104.16, 192.97, 124.37

200.15, 103.45, 194.25, 121.66

202.11, 103.07, 194.82, 117.31

204.00, 103.02, 196.12, 114.14

205.76, 103.30, 198.40, 113.81

207.46, 103.92, 200.76, 109.76

209.01, 104.85, 202.91, 106.21

210.47, 106.10, 204.61, 102.73

211.82, 107.67, 206.90, 98.99

213.04, 109.53, 208.86, 95.76

214.13, 111.68, 210.37, 92.91

215.10, 114.02, 213.20, 91.67

215.92, 116.58, 209.63, 88.39

216.61, 119.38, 210.24, 87.52

217.16, 122.25, 214.85, 88.46

217.58, 125.27, 218.41, 88.92

217.85, 128.40, 215.37, 88.89

217.99, 131.56, 223.17, 92.24

217.98, 134.79, 200.90, 93.35

217.83, 137.91, 225.33, 95.43

217.54, 141.01, 229.43, 98.15

217.11, 144.04, 229.17, 101.16

216.55, 146.93, 229.00, 105.54

215.84, 149.68, 232.51, 108.96

215.00, 152.27, 234.52, 111.79

214.02, 154.59, 230.97, 114.11

212.90, 156.72, 234.84, 117.75

211.68, 158.53, 238.54, 124.43

210.31, 160.06, 238.47, 128.27

208.83, 161.28, 235.81, 132.19

207.27, 162.18, 231.16, 144.00

205.56, 162.75, 223.04, 132.65

203.78, 162.99, 237.70, 145.50

201.90, 162.90, 237.56, 148.64

199.89, 162.47, 226.14, 150.51

197.81, 161.72, 226.93, 157.89

195.65, 160.64, 230.14, 157.12

193.41, 159.24, 227.55, 159.79

191.07, 157.56, 224.36, 160.92

188.65, 155.57, 216.93, 159.92

186.19, 153.33, 211.81, 161.50

183.67, 150.86, 209.42, 167.06

181.14, 148.22, 209.85, 168.38

178.60, 145.43, 208.64, 169.25

176.05, 142.54, 202.87, 172.03

173.38, 139.42, 202.85, 170.83

170.75, 136.29, 202.94, 179.75

168.13, 133.16, 193.45, 176.86

165.49, 129.99, 191.11, 178.05

162.90, 126.89, 189.42, 177.87

160.28, 123.85, 190.47, 178.95

157.73, 120.94, 203.66, 176.65

155.19, 118.14, 187.06, 172.11

152.65, 115.47, 184.27, 168.20

150.18, 113.02, 180.97, 163.91

147.78, 110.81, 177.03, 158.70

145.42, 108.82, 174.77, 153.31

143.11, 107.10, 171.00, 146.40

140.90, 105.67, 167.31, 141.07

138.78, 104.54, 163.30, 135.97

136.72, 103.72, 158.93, 129.67

134.72, 103.20, 151.85, 121.72

132.81, 103.00, 146.95, 115.77

131.00, 103.14, 142.53, 112.56

129.29, 103.60, 136.99, 106.56

127.67, 104.39, 132.85, 103.47

126.20, 105.48, 125.50, 98.51

124.83, 106.86, 121.32, 98.69

123.57, 108.56, 115.09, 92.75

122.42, 110.52, 117.14, 97.51

121.41, 112.72, 105.94, 92.07

120.51, 115.19, 100.95, 92.07

119.76, 117.81, 97.57, 93.18

119.13, 120.60, 93.45, 95.04

118.64, 123.55, 90.71, 97.03

118.30, 126.52, 89.62, 100.35

118.08, 129.61, 87.70, 102.17

118.00, 132.81, 85.65, 103.45

118.06, 135.95, 84.08, 105.58

118.26, 139.08, 108.49, 104.65

118.60, 142.15, 83.64, 108.58

119.07, 145.06, 81.91, 110.23

119.66, 147.89, 80.44, 111.60

120.41, 150.51, 79.27, 113.29

121.27, 152.96, 78.97, 113.79

122.28, 155.21, 77.90, 115.15

123.41, 157.21, 100.44, 104.44

124.65, 158.92, 80.16, 117.03

126.04, 160.38, 79.92, 119.10

127.49, 161.50, 82.25, 123.24

129.08, 162.32, 81.76, 124.42

130.77, 162.82, 82.70, 127.13

132.57, 163.00, 83.87, 131.40

134.47, 162.85, 84.56, 138.06

136.49, 162.36, 85.18, 142.69

138.57, 161.55, 86.64, 147.92

140.75, 160.42, 86.46, 153.71

143.02, 158.96, 93.59, 158.76

145.35, 157.23, 91.02, 164.26

147.76, 155.19, 96.26, 165.40

150.23, 152.93, 99.51, 170.21

152.72, 150.46, 107.39, 170.79

155.31, 147.73, 112.25, 172.15

157.91, 144.86, 121.49, 174.40

160.57, 141.79, 127.20, 173.92

163.22, 138.71, 137.07, 177.97

165.83, 135.60, 144.20, 176.62

168.52, 132.37, 149.53, 175.40

171.14, 129.24, 153.59, 174.00

173.77, 126.09, 156.76, 171.66

176.44, 123.02, 164.15, 167.66

179.03, 120.06, 166.68, 161.23

181.65, 117.22, 163.00, 158.55

184.22, 114.59, 162.99, 154.95

186.67, 112.21, 168.11, 154.20

189.10, 110.05, 166.84, 149.04

191.47, 108.13, 171.23, 146.14

193.77, 106.50, 171.91, 140.14

195.95, 105.18, 174.52, 137.01

198.13, 104.15, 172.59, 132.07

200.19, 103.44, 171.96, 126.26

202.15, 103.07, 178.42, 122.50

203.96, 103.02, 183.45, 119.01

205.76, 103.30, 179.99, 114.02

207.44, 103.91, 185.26, 114.99

209.00, 104.84, 195.64, 108.66

210.47, 106.10, 198.32, 107.56

211.79, 107.64, 200.88, 107.88

213.00, 109.47, 194.46, 115.68

214.10, 111.61, 209.87, 103.40

215.06, 113.93, 210.95, 101.47

215.89, 116.48, 212.37, 99.50

216.59, 119.27, 202.10, 103.20

217.15, 122.19, 208.47, 97.86

217.58, 125.27, 206.14, 101.39

217.85, 128.43, 208.72, 99.35

217.99, 131.59, 211.14, 98.97

217.98, 134.79, 221.72, 98.17

217.83, 137.88, 226.10, 98.19

217.55, 140.98, 229.13, 98.96

217.13, 143.96, 235.17, 99.35

216.56, 146.87, 234.13, 101.25

215.87, 149.60, 237.66, 100.62

215.04, 152.15, 239.43, 102.18

214.07, 154.48, 237.71, 105.25

212.97, 156.59, 229.79, 102.22

211.74, 158.43, 233.50, 110.46

210.37, 160.00, 224.66, 112.16

208.89, 161.24, 222.82, 115.53

207.31, 162.15, 223.14, 120.18

205.59, 162.74, 220.58, 127.59

203.78, 162.99, 216.40, 133.35

201.92, 162.91, 219.27, 134.04

199.93, 162.49, 216.09, 138.84

197.83, 161.73, 209.82, 145.94

195.69, 160.67, 211.10, 147.36

193.50, 159.32, 208.20, 151.60

191.19, 157.65, 203.92, 157.18

188.89, 155.75, 202.86, 159.69

186.53, 153.65, 199.80, 161.05

184.12, 151.31, 197.33, 162.64

181.65, 148.76, 195.56, 165.33

179.09, 145.97, 199.53, 167.49

176.52, 143.04, 198.74, 172.45

173.82, 139.94, 196.12, 173.22

171.22, 136.85, 195.10, 174.05

168.60, 133.72, 195.07, 174.70

165.98, 130.55, 194.23, 175.58

163.37, 127.47, 192.53, 173.27

160.75, 124.39, 193.14, 170.72

158.17, 121.43, 186.86, 168.90

155.64, 118.60, 185.49, 167.69

153.12, 115.96, 180.28, 162.46

150.65, 113.44, 176.38, 158.21

148.21, 111.20, 171.84, 153.18

145.86, 109.18, 166.67, 148.75

143.52, 107.39, 162.33, 144.44

141.27, 105.90, 157.29, 140.79

139.10, 104.70, 152.89, 137.57

136.98, 103.81, 154.46, 134.11

135.01, 103.25, 144.01, 131.55

133.09, 103.01, 140.35, 129.43

131.23, 103.10, 146.59, 123.49

129.54, 103.51, 135.40, 123.76

127.95, 104.24, 133.78, 121.94

126.43, 105.28, 130.50, 117.54

125.06, 106.61, 135.64, 116.81

123.76, 108.26, 128.17, 113.35

122.59, 110.19, 123.85, 109.17

121.56, 112.35, 121.32, 106.55

120.67, 114.69, 120.14, 105.22

119.89, 117.27, 115.30, 101.26

119.25, 120.00, 111.53, 99.03

118.74, 122.90, 110.34, 99.40

118.35, 125.94, 104.99, 96.52

118.11, 128.96, 104.01, 97.70

118.01, 132.12, 100.40, 94.79

118.04, 135.32, 112.38, 101.06

118.21, 138.41, 94.69, 99.45

118.51, 141.49, 91.48, 101.06

118.96, 144.48, 88.72, 102.99

119.54, 147.34, 88.10, 105.97

120.26, 150.04, 95.19, 101.75

121.12, 152.56, 89.93, 115.37

122.09, 154.83, 91.92, 120.55

123.21, 156.90, 92.81, 126.18

124.43, 158.66, 94.39, 131.34

125.78, 160.14, 97.07, 136.20

127.26, 161.34, 100.11, 141.26

130.53, 162.77, 102.96, 149.90

132.31, 162.99, 105.12, 154.06

134.19, 162.89, 105.93, 157.79

136.23, 162.44, 108.90, 161.76

138.32, 161.66, 109.60, 164.18

140.51, 160.56, 125.81, 164.89

142.80, 159.12, 111.22, 162.52

145.14, 157.40, 114.82, 164.24

147.54, 155.40, 118.98, 168.91

149.98, 153.14, 142.23, 149.26

152.52, 150.66, 121.50, 167.51

155.06, 148.00, 121.91, 171.03

157.63, 145.17, 120.38, 172.16

160.28, 142.15, 120.89, 171.62

162.93, 139.05, 122.64, 170.18

165.59, 135.89, 135.92, 162.15

168.31, 132.62, 129.93, 158.09

171.01, 129.40, 130.06, 169.12

173.72, 126.18, 130.86, 167.32

176.34, 123.13, 139.38, 168.84

178.91, 120.23, 144.86, 167.67

181.45, 117.43, 151.66, 164.60

183.95, 114.86, 160.16, 160.53

186.41, 112.46, 165.06, 158.50

188.79, 110.31, 169.75, 154.02

191.12, 108.40, 171.38, 147.21

193.41, 106.74, 174.95, 141.90

195.65, 105.36, 177.56, 136.43

197.77, 104.29, 180.31, 131.98

199.85, 103.54, 185.74, 127.39

201.82, 103.11, 186.87, 121.84

203.71, 103.01, 193.14, 117.55

205.51, 103.24, 195.66, 113.20

207.22, 103.81, 198.07, 108.81

208.80, 104.70, 200.26, 104.96

210.27, 105.92, 203.72, 100.54

211.64, 107.44, 201.28, 95.57

212.87, 109.24, 200.77, 100.34

213.99, 111.37, 209.44, 92.43

214.97, 113.68, 213.66, 91.09

215.81, 116.27, 212.90, 88.94

216.53, 118.96, 213.78, 87.05

217.10, 121.87, 187.13, 119.10

217.83, 128.09, 213.66, 85.79

217.98, 131.27, 220.32, 83.98

217.99, 134.48, 224.89, 83.43

217.85, 137.63, 226.30, 82.75

217.57, 140.79, 224.64, 83.62

217.15, 143.81, 216.47, 85.61

216.59, 146.73, 215.70, 89.95

215.90, 149.52, 216.08, 90.11

215.07, 152.05, 211.99, 95.41

214.09, 154.43, 211.63, 102.14

213.02, 156.51, 211.01, 108.27

211.80, 158.36, 210.84, 114.15

205.71, 162.71, 211.46, 140.26

203.91, 162.99, 210.10, 146.86

201.98, 162.91, 211.60, 148.90

199.99, 162.50, 214.34, 152.98

197.87, 161.75, 215.17, 156.68

195.69, 160.67, 214.75, 159.98

193.47, 159.30, 217.06, 162.10

191.16, 157.63, 215.99, 162.06

188.84, 155.73, 213.56, 160.82

186.43, 153.56, 211.79, 160.62

183.97, 151.16, 209.93, 159.87

181.50, 148.59, 208.92, 160.81

179.01, 145.89, 209.41, 162.09

176.44, 142.93, 206.18, 159.50

173.77, 139.88, 206.20, 161.69

171.17, 136.79, 205.60, 162.28

168.52, 133.63, 205.30, 162.71

165.93, 130.52, 203.91, 162.81

163.32, 127.41, 203.43, 165.76

160.72, 124.36, 201.51, 164.23

158.17, 121.43, 198.80, 163.39

155.62, 118.60, 196.78, 162.71

153.07, 115.90, 193.84, 162.13

150.62, 113.42, 190.46, 159.98

148.19, 111.17, 186.31, 158.38

145.79, 109.12, 182.50, 154.80

143.52, 107.37, 177.89, 151.10

141.30, 105.91, 174.71, 147.57

139.14, 104.71, 169.89, 143.67

137.05, 103.83, 161.47, 135.79

135.03, 103.26, 156.09, 130.40

133.11, 103.01, 150.39, 125.70

131.32, 103.09, 146.44, 122.32

129.57, 103.50, 138.97, 117.88

127.95, 104.24, 136.54, 114.25

126.44, 105.27, 131.67, 110.92

125.04, 106.62, 127.64, 107.06

123.75, 108.28, 121.86, 105.57

122.59, 110.19, 117.49, 105.85

121.58, 112.30, 115.80, 105.06

120.65, 114.74, 110.70, 102.63

119.88, 117.33, 108.00, 102.52

119.24, 120.06, 107.17, 104.68

118.73, 122.96, 102.52, 102.60

118.35, 125.97, 100.85, 102.69

118.11, 129.05, 98.85, 103.88

118.00, 132.25, 101.25, 102.17

118.04, 135.35, 97.19, 106.92

118.21, 138.50, 97.02, 103.72

118.52, 141.55, 94.88, 110.67

118.97, 144.54, 94.61, 112.30

119.56, 147.43, 93.23, 109.85

120.28, 150.10, 91.85, 116.54

121.13, 152.58, 91.31, 119.99

122.11, 154.89, 91.13, 124.44

124.47, 158.69, 91.76, 134.33

125.83, 160.18, 90.83, 140.55

127.29, 161.36, 92.16, 146.25

128.85, 162.22, 93.14, 151.86

130.55, 162.78, 94.89, 156.67

132.35, 163.00, 94.72, 159.33

134.25, 162.88, 97.06, 165.38

136.23, 162.44, 100.66, 167.93

138.29, 161.67, 103.66, 169.58

140.48, 160.57, 123.41, 163.33

142.75, 159.15, 122.38, 157.08

145.09, 157.44, 113.15, 165.61

147.52, 155.40, 126.23, 158.11

150.01, 153.14, 114.25, 175.00

152.55, 150.63, 112.76, 172.62

155.08, 147.97, 117.25, 175.64

157.63, 145.14, 117.49, 174.95

160.28, 142.15, 120.17, 172.01

162.90, 139.08, 122.94, 170.26

165.59, 135.89, 124.71, 168.97

168.29, 132.65, 128.33, 166.35

170.98, 129.43, 138.63, 169.94

173.64, 126.27, 137.72, 162.31

176.26, 123.22, 145.24, 159.60

178.88, 120.25, 152.45, 155.00

181.45, 117.46, 159.64, 155.33

183.92, 114.89, 166.04, 152.60

186.41, 112.46, 169.62, 147.99

188.79, 110.29, 177.17, 144.62

191.12, 108.40, 182.86, 141.11

203.74, 103.01, 213.94, 114.59

205.54, 103.25, 216.33, 109.99

207.23, 103.82, 213.48, 103.96

208.82, 104.72, 219.42, 100.13

210.30, 105.95, 219.65, 96.38

211.66, 107.47, 217.30, 91.84

212.91, 109.31, 215.73, 87.81

214.02, 111.41, 210.84, 83.11

214.99, 113.76, 204.78, 82.39

215.84, 116.29, 209.91, 81.62

216.53, 119.02, 210.30, 81.27

217.10, 121.90, 210.41, 81.92

217.53, 124.90, 208.55, 81.85

217.82, 128.00, 205.67, 83.68

217.98, 131.12, 210.35, 85.37

217.99, 134.29, 205.50, 88.83

217.86, 137.44, 213.00, 88.57

217.60, 140.52, 213.25, 90.35

217.20, 143.52, 216.24, 92.49

216.67, 146.42, 216.69, 95.05

215.99, 149.18, 220.11, 97.54

215.17, 151.78, 220.30, 101.40

214.21, 154.17, 223.10, 104.46

213.13, 156.31, 223.29, 109.85

211.92, 158.19, 220.54, 113.95

210.56, 159.80, 223.44, 117.32

209.12, 161.07, 230.30, 123.81

207.51, 162.06, 227.27, 128.16

205.83, 162.68, 226.66, 133.55

204.05, 162.98, 229.92, 139.74

202.13, 162.93, 225.50, 153.63

200.17, 162.55, 235.05, 149.72

198.10, 161.84, 235.44, 156.16

195.91, 160.79, 230.90, 156.28

193.63, 159.41, 235.74, 162.31

191.28, 157.72, 235.64, 167.76

188.91, 155.79, 229.72, 166.94

186.50, 153.63, 229.86, 173.20

184.02, 151.21, 226.25, 174.82

181.47, 148.57, 222.84, 179.02

178.93, 145.80, 215.88, 174.04

176.34, 142.84, 212.97, 174.51

173.75, 139.85, 209.17, 174.17

171.09, 136.70, 204.82, 173.62

168.50, 133.60, 201.38, 174.46

165.91, 130.46, 197.62, 172.33

163.27, 127.35, 193.02, 170.48

160.67, 124.27, 189.00, 168.64

158.09, 121.35, 186.30, 168.03

155.54, 118.52, 181.01, 164.08

153.02, 115.85, 177.16, 161.32

150.60, 113.42, 171.80, 157.63

148.12, 111.11, 175.76, 155.80

145.74, 109.08, 171.64, 151.35

143.45, 107.34, 163.30, 144.94

141.16, 105.83, 153.06, 143.68

138.99, 104.65, 150.00, 142.12

136.94, 103.79, 145.74, 139.20

134.95, 103.24, 140.99, 133.75

133.04, 103.01, 138.33, 131.74

131.23, 103.10, 134.72, 128.43

129.49, 103.53, 130.36, 124.29

127.87, 104.27, 126.52, 121.23

126.37, 105.33, 123.86, 118.10

124.98, 106.70, 121.14, 116.12

123.70, 108.37, 119.56, 113.39

122.54, 110.29, 124.23, 111.43

121.50, 112.49, 114.61, 108.48

120.61, 114.89, 110.90, 105.86

119.84, 117.46, 107.26, 103.53

119.20, 120.26, 110.42, 101.34

118.70, 123.10, 100.52, 100.74

118.34, 126.09, 95.09, 98.17

118.10, 129.18, 92.77, 98.18

118.00, 132.34, 89.06, 99.18

118.04, 135.45, 85.80, 97.88

118.22, 138.62, 82.78, 98.16

118.54, 141.70, 80.19, 99.86

119.00, 144.71, 84.54, 97.36

119.59, 147.54, 78.96, 108.76

120.31, 150.20, 83.27, 116.36

121.17, 152.70, 79.18, 119.67

122.16, 155.00, 88.91, 114.49

123.31, 157.05, 81.50, 128.47

124.58, 158.84, 81.96, 137.10

125.95, 160.32, 84.22, 142.86

127.47, 161.48, 85.17, 145.65

129.08, 162.32, 90.22, 146.80

130.79, 162.83, 100.08, 157.48

132.64, 163.00, 104.04, 159.51

134.56, 162.83, 107.31, 164.17

136.62, 162.32, 113.48, 168.42

138.70, 161.49, 116.54, 175.23

140.86, 160.35, 118.42, 177.77

143.11, 158.90, 119.41, 180.53

145.42, 157.16, 122.44, 181.20

147.81, 155.15, 121.41, 181.11

150.30, 152.86, 124.40, 180.08

152.80, 150.35, 126.56, 178.83

155.41, 147.62, 129.60, 176.07

158.01, 144.74, 127.23, 168.53

160.64, 141.73, 131.05, 171.89

163.32, 138.59, 130.35, 167.55

165.96, 135.45, 134.29, 169.16

168.63, 132.25, 134.92, 166.44

171.30, 129.05, 137.56, 161.14

173.93, 125.94, 138.43, 159.58

176.57, 122.87, 141.04, 156.03

179.19, 119.91, 144.71, 152.21

181.75, 117.11, 148.64, 148.96

184.32, 114.49, 151.12, 143.61

186.84, 112.05, 154.33, 140.04

189.29, 109.88, 163.51, 138.73

191.63, 108.01, 166.05, 135.78

193.92, 106.40, 170.46, 132.73

196.13, 105.10, 176.75, 130.12

198.25, 104.10, 185.73, 127.24

200.31, 103.41, 191.32, 123.85

202.27, 103.06, 196.46, 118.85

204.11, 103.03, 200.25, 114.92

205.87, 103.33, 204.75, 110.15

207.56, 103.97, 202.90, 106.84

209.10, 104.91, 208.04, 101.84

210.56, 106.20, 205.45, 97.86

211.88, 107.77, 210.25, 93.37

213.08, 109.61, 207.60, 90.64

214.17, 111.74, 197.08, 100.80

215.13, 114.14, 204.45, 89.04

216.64, 119.52, 209.36, 80.94

217.19, 122.43, 207.45, 81.06

217.60, 125.48, 211.44, 82.96

217.86, 128.59, 212.31, 83.99

217.99, 131.68, 212.67, 85.54

217.98, 134.88, 214.30, 86.94

217.82, 138.00, 210.41, 88.10

217.53, 141.10, 215.85, 91.32

217.10, 144.13, 211.85, 95.01

216.54, 146.98, 215.14, 99.01

215.84, 149.68, 217.52, 102.47

215.00, 152.24, 213.18, 109.49

214.03, 154.57, 218.59, 109.98

212.92, 156.67, 220.63, 114.43

211.70, 158.50, 221.94, 118.47

210.34, 160.02, 225.27, 122.03

208.85, 161.27, 219.27, 130.96

207.25, 162.18, 218.32, 127.53

205.52, 162.76, 225.81, 132.79

203.71, 162.99, 230.20, 138.84

201.79, 162.88, 224.34, 153.95

199.77, 162.43, 223.88, 148.55

197.71, 161.67, 236.73, 152.21

195.54, 160.58, 234.59, 158.16

193.27, 159.17, 235.52, 158.23

190.96, 157.47, 235.79, 161.00

188.53, 155.46, 230.50, 163.62

186.06, 153.21, 232.49, 163.75

183.55, 150.71, 226.15, 163.61

180.97, 148.03, 221.20, 167.94

178.37, 145.17, 223.48, 168.91

175.74, 142.15, 218.27, 169.41

173.15, 139.15, 214.94, 170.32

170.54, 136.04, 213.94, 170.73

167.95, 132.94, 210.24, 170.16

165.30, 129.77, 207.85, 169.73

162.72, 126.70, 203.50, 168.40

160.13, 123.67, 200.48, 167.46

157.53, 120.68, 195.16, 166.04

155.01, 117.95, 192.78, 163.13

152.45, 115.26, 184.76, 160.34

150.01, 112.86, 177.90, 157.04

147.59, 110.64, 173.39, 155.54

145.23, 108.67, 172.98, 151.50

